ID,TN,TP,NANI,NAPI,Chla,discharge,Vol,eco_region,TSI,watershed_area,forest_pct,wetland_pct,Area,Depth,WRT,T
NLA12_AL-102,0.389,0.012,7178.825332698797,3602.949492209321,10.0,24796.8,1.63e6,8.0,3,12.2910417664,32.371466,0.571261,0.38,4.289473684210526,65.7,30.2
NLA12_AL-105,1.85,0.106,817.2904113373802,153.9355838430947,144.8,2419.2000000000003,1.04e6,8.0,4,2.34779707946,75.038343,0.65184,0.31,3.354838709677419,428.8,30.9333333333333
NLA12_AL-113,0.248,0.027,2093.4591093957365,334.9209113020689,1.27,74822.4,530000.0,8.0,1,39.0098937469,41.583039,8.708792,0.2,2.65,7.1,27.975
NLA12_AL-114,0.51,0.062,2472.28474967473,835.1580769389285,17.5,5443.2,520000.0,8.0,3,3.31305820312,34.827493,0.054333,0.2,2.6,94.9,32.3
NLA12_AR-101,0.92,0.088,1187.058824553069,138.56207766227533,52.4,5270.4,2.0499999999999998e6,8.0,4,57.2032173615,67.530874,7.864391,0.48,4.270833333333313,388.1,29.3733333333333
NLA12_AR-102,1.536,0.151,7915.320576762349,-305.93712812808263,74.0,897091.2,1.47e6,8.0,4,1.1322,0.0,9.062003,1.01,1.4554455445544554,1.6,26.35
NLA12_AR-103,0.311,0.015,1440.5182398315737,429.9272807738156,4.944,5.05656e6,2.259e8,8.0,2,3769.56235193,75.858285,0.388403,21.07,10.72140484100617,44.7,27.9
NLA12_AR-104,0.175,0.03,3683.3167403647208,1614.3496678449796,6.624,40694.399999999994,1.7e6,8.0,2,44.8400651276,85.445312,0.100363,0.29,5.862068965517241,41.8,29.5
NLA12_AR-106,1.385,0.107,4846.854294169096,217.5607316924611,59.2,66873.6,9.09e6,8.0,4,51.0526895416,53.069642,1.470044,2.02,4.5,135.9,27.85
NLA12_AZ-101,0.321,0.04,88.71397312019658,-41.790522381228506,3.228,996105.6,8.49e7,10.0,2,16033.1379639,55.934937,0.197927,4.1,20.70731707317073,85.2,22.8266666666667
NLA12_AZ-102,2.045,0.631,322.6397729162077,35.07509356846017,32.3,8121.6,1.69e6,12.0,4,64.4454131287,48.131389,0.346349,0.51,3.3137254901960786,208.5,20.6
NLA12_AZ-103,1.055,0.259,-75.87324378211412,-67.3138897973064,15.34,345.6,1.52e6,12.0,3,33.470227977,46.169978,0.0,0.51,2.980392156862745,4409.3,21.1866666666667
NLA12_AZ-127,0.554,0.147,-96.03280412280662,-67.31388979727221,13.056,5097.599999999999,900000.0,12.0,3,43.0803466507,82.675274,0.0,0.18,5.0,176.4,16.2666666666667
NLA12_AZ-145,1.775,0.244,-280.23399390728235,-133.36149153998005,39.2,1209.6000000000001,2.32e6,12.0,4,92.9847373352,86.893101,1.147979,0.51,4.549019607843137,1920.0,21.1
NLA12_CA-101,0.488,0.0253,2507.2245720001483,548.1385591785211,14.0,137721.6,2.76e7,11.0,3,93.2458699513,32.053236,2.194726,3.17,8.706624605678234,200.4,19.85
NLA12_CA-102,1.39,0.023899999999999998,3169.105082531889,604.0355121232819,99.0,185328.0,6.17e7,11.0,4,531.945180588,16.058833,0.280695,4.03,15.31017369727047,332.9,24.5333333333333
NLA12_CA-103,0.322,0.0040999999999999995,1106.5859856957093,156.76398637131865,0.2,231638.4,1.373e8,6.0,1,122.378616484,67.104295,0.027214,4.76,28.84453781512605,592.7,22.3
NLA12_CA-104,0.435,0.004900000000000001,269.94399418763203,-6.078856879486816,2.2,7516.799999999999,1.518e7,6.0,2,6.94796024323,32.815534,0.090615,1.17,12.974358974358976,2019.5,17.8
NLA12_CA-106,3.83,0.591,4423.468203928974,18.440970753749028,176.0,76982.4,1.32e6,10.0,4,1.2375,0.0,5.963637,0.63,2.0952380952380953,17.1,26.95
NLA12_CA-107,0.149,0.010199999999999999,301.3868084927609,-0.6772881918492931,3.8,13996.800000000001,4.88e6,6.0,2,13.3072697588,53.89764,0.033804,0.69,7.072463768115942,348.6,18.6
NLA12_CA-108,0.156,0.0048,5137.100805988134,675.2985369247601,9.0,3.2524415999999996e6,1.67e6,11.0,3,3784.33300258,56.064863,0.223289,0.32,5.21875,0.5,19.2
NLA12_CA-111,0.0643,0.0072,895.944654740505,123.3102974781215,3.2,732672.0,5.05e6,11.0,2,352.389376332,81.16166,0.09016,0.78,6.4743589743589745,6.9,24.925
NLA12_CA-112,0.167,0.0075,1753.5120600015443,177.4729787030456,3.4,199584.0,1.74e6,11.0,2,129.938534069,78.883395,0.0,0.31,5.612903225806451,8.7,26.25
NLA12_CA-116,0.0626,0.0626,515.3156412412702,-4.904425148962581,1.4,2419.2000000000003,1.34e6,6.0,1,1.22264988499,52.902278,0.0,0.16,8.375,554.5,15.0
NLA12_CA-121,0.334,0.0123,5564.568702904421,539.2281885737452,2.8,598665.6,1.015e8,11.0,2,1010.56202324,52.502527,0.310551,3.56,28.51123595505618,169.5,27.5
NLA12_CA-132,0.137,0.0116,430.0416091363909,40.04445666946497,4.0,57974.4,1.98e6,6.0,2,30.9172868694,73.780417,0.0,0.31,6.387096774193549,34.2,20.05
NLA12_CA-135,0.078,0.0056,270.84859787009873,-0.677288191848937,3.8,38016.0,2.66e7,6.0,2,32.1490269814,38.519473,0.184786,2.37,11.223628691983123,699.7,19.25
NLA12_CA-154,0.282,0.166,207.18173603139275,19.07020330841003,3.3,49766.399999999994,1.71e6,10.0,2,300.682312514,1.621655,0.12541,0.29,5.8965517241379315,34.4,20.9
NLA12_CA-156,0.443,0.053,1128.8789010589455,103.24463289349404,31.0,466300.80000000005,800000.0,10.0,4,4.9725,1.158371,0.0,0.44,1.8181818181818181,1.7,25.2333333333333
NLA12_CA-157,0.0698,0.0040999999999999995,11146.114398171125,1808.428326291994,3.4,6048.000000000001,3.16e6,11.0,2,10.8422216246,0.0,1.568725,1.2,2.6333333333333333,523.1,19.6
NLA12_CA-172,0.265,0.0148,3331.5208025899096,604.0355121234576,0.8,2764.8,940000.0,11.0,1,8.55869011001,0.052609,0.452441,0.18,5.222222222222222,338.9,23.35
NLA12_CA-188,0.593,0.0256,5425.920840407339,1042.0953338484228,13.0,36979.2,5.18e7,11.0,3,78.2679010202,50.039669,1.355624,1.41,36.73758865248227,1400.8,22.15
NLA12_CA-190,1.32,0.123,9164.414002225589,942.5474320527345,33.0,11145.6,2.14e6,11.0,4,19.9147758694,0.0,0.271174,0.58,3.6896551724137936,191.8,24.9333333333333
NLA12_CA-208,2.61,0.0299,548.2135384396217,23.188606519626976,9.0,54950.4,1.144e7,6.0,3,50.814,68.583067,0.246192,1.83,6.251366120218579,208.2,22.3
NLA12_CA-212,0.175,0.0083,345.8674092892881,11.753728120618305,2.0,4579.2,2.36e6,6.0,1,2.84117694454,57.739791,0.0,0.27,8.74074074074074,514.5,18.2
NLA12_CA-223,0.0668,0.0040999999999999995,398.22089024042066,-2.142513630462793,0.8,18230.399999999998,2.0499999999999998e6,6.0,1,19.8699491306,45.078143,0.0,0.38,5.394736842105237,112.5,13.8
NLA12_CO-101,3.058,0.076,496.8099131698316,177.0255991641199,12.667,86.4,1.723e7,9.0,3,22.8222,0.0,5.339538,10.65,1.6178403755868542,199467.8,22.3571428571429
NLA12_CO-103,0.331,0.017,722.6926995633088,70.71407320067962,4.768,5961.6,7.4e7,9.0,2,62.9551222572,0.220195,3.70185,5.89,12.563667232597624,12412.8,20.7
NLA12_CO-104,6.2,0.435,2914.5854965343924,887.8599969279542,218.0,3283.2,2.29e6,9.0,4,32.1975913857,0.575709,3.03784,0.76,3.013157894736842,698.0,18.925
NLA12_CO-105,1.079,0.114,279.13087608943215,-87.97236452512304,101.3,2073.6,1.2e6,6.0,4,4.64179404831,36.991082,1.725475,0.36,3.3333333333333335,577.8,20.5666666666667
NLA12_CO-106,0.235,0.015,666.1506175475569,70.71407320070529,2.2,2678.4,1.37e7,9.0,2,14.0094,0.012849,2.845946,2.09,6.555023923444976,5115.0,24.5
NLA12_CO-107,0.104,0.016,272.3126295956571,-4.405257471236425,1.224,18748.8,3.81e6,6.0,1,35.239278804,51.358876,1.92848,0.48,7.9375,203.2,14.9
NLA12_CO-109,0.215,0.016,389.78671377696315,2.9460111084265597,5.993,5702.400000000001,3.37e6,6.0,2,18.3449559402,74.23358,3.742581,0.51,6.6078431372549025,591.6,15.7
NLA12_CO-110,0.824,0.043,1601.7729684310468,221.122400257803,15.62,86.4,490000.0,9.0,3,0.9135,0.0,12.807882,0.19,2.5789473684210527,5614.6,18.3666666666667
NLA12_CO-111,0.14,0.026,1591.938518007662,221.12240025818014,3.513333333,7171.200000000001,2.18e7,9.0,2,29.1998038376,0.49624,4.922328,2.92,7.465753424657535,3039.9,20.5
NLA12_CO-114,0.345,0.037,1030.406901801408,151.33181923549233,5.8,691.2,470000.0,6.0,2,0.2529,59.786477,0.0,0.11,4.2727272727272725,676.3,19.0333333333333
NLA12_CO-117,0.538,0.033,225.98851592013767,24.651452114564908,6.102857143,2764.8,1.69e6,6.0,2,8.75241035156,29.33251,3.414584,0.44,3.840909090909091,609.8,22.3666666666667
NLA12_CO-127,0.936,0.712,2960.221289508583,887.8599969434073,97.2,1555.1999999999998,370000.0,9.0,4,0.2898,0.0,2.795031,0.22,1.6818181818181819,240.0,21.7666666666667
NLA12_CO-131,0.314,0.048,651.1721220625549,70.71407320054021,1.762857143,1296.0,480000.0,10.0,1,0.3708,7.76699,25.242719,0.18,2.666666666666667,367.1,17.6
NLA12_CO-133,0.09,0.014,352.3453298151642,9.344223798328986,1.104,5356.8,1.12e6,6.0,1,12.5246982719,12.676967,2.96802,0.13,8.615384615384617,209.4,13.9
NLA12_CT-101,0.216,0.019,1692.6492995452252,120.48365800612142,3.664,22118.4,700000.0,8.0,2,10.4995496338,82.296487,5.107112,0.17,4.117647058823529,31.6,23.3285714285714
NLA12_CT-102,0.176,0.007,1372.5509643865723,76.44360078013709,1.52,8121.6,5.8e6,5.0,1,2.94446521912,53.378171,0.611434,0.88,6.590909090909091,713.7,22.6666666666667
NLA12_CT-103,0.205,0.019,1419.5088754326503,76.44360078025841,2.324,58060.8,3.68e6,8.0,2,23.0981836487,68.74245,1.621138,0.46,8.0,63.4,27.2
NLA12_CT-104,0.825,0.048,1369.7075048395254,73.94088748655689,28.404,170553.6,1.28e6,8.0,3,78.5275269379,59.949344,11.305684,0.31,4.129032258064516,7.5,26.2666666666667
NLA12_CT-105,0.763,0.069,1397.8488090150213,76.44360078026133,26.08,2592.0,500000.0,5.0,3,0.889078930667,55.454546,2.525253,0.11,4.545454545454546,192.1,22.3
NLA12_CT-107,0.244,0.018,1966.7655718550918,231.86390656996895,4.277333333,24451.199999999997,1.13e6,8.0,2,11.1570522308,81.796919,3.766433,0.28,4.035714285714286,46.4,26.0333333333333
NLA12_CT-108,0.311,0.028,1424.4727000593364,76.44360078040678,7.84,13478.4,2.36e6,8.0,3,4.15276108704,66.926745,1.755526,0.4,5.9,175.1,26.2
NLA12_CT-115,0.238,0.01,2251.419822722832,221.39922680275296,3.432,14860.8,5.56e6,8.0,2,7.4304,61.506782,5.281008,0.96,5.791666666666667,374.4,24.1833333333333
NLA12_CT-118,0.255,0.005,1328.197065969685,57.723322611580706,2.112,3542.4,840000.0,8.0,2,3.0135234375,40.173238,24.701314,0.22,3.8181818181818183,237.3,28.7
NLA12_CT-126,0.278,0.015,1298.1384133683857,57.72332261135676,2.82,5875.200000000001,1.45e6,8.0,2,1.65679557495,69.418793,0.977729,0.27,5.37037037037037,246.0,25.6
NLA12_DE-101,1.296,0.129,4802.998876339785,350.02525650871326,92.8,55728.0,950000.0,8.0,4,24.4270126648,14.906787,5.368064,0.42,2.2619047619047623,17.0,25.625
NLA12_DE-102,1.495,0.227,5660.3459040032685,1086.90428794037,78.0,97113.6,480000.0,8.0,4,53.4401898926,16.363208,13.349952,0.22,2.1818181818181817,5.0,25.1
NLA12_DE-103,0.923,0.081,9859.69493248454,3553.2328396186267,12.72,209865.59999999998,380000.0,8.0,3,153.713861829,30.14532,15.079979,0.18,2.111111111111111,1.8,27.9
NLA12_DE-107,0.723,0.03,9823.694840889913,3553.2328396153025,8.48,91411.20000000001,320000.0,8.0,3,45.233751297,20.478691,10.405475,0.19,1.6842105263157894,3.5,22.5
NLA12_FL-102,1.511,0.043,3201.957259095425,660.4060926650144,23.52,171590.4,9.04e6,8.0,3,18.2394,0.246719,20.615809,2.58,3.503875968992248,52.7,29.6883333333333
NLA12_FL-103,4.763,0.132,3707.3912211401503,650.8054143631184,80.9,440380.80000000005,1.33232e9,8.0,4,361.074228607,0.959624,13.710652,123.31,10.804638715432649,3025.4,30.25
NLA12_FL-104,0.82,0.025,4301.525538821462,754.3068604338846,16.32,5961.6,1.12e6,8.0,3,8.91758111572,0.0,17.936044,0.34,3.294117647058823,187.6,28.5666666666667
NLA12_FL-106,0.519,0.046,4133.199698580775,723.0895942425033,3.144,2419.2000000000003,470000.0,8.0,2,3.6207,5.0957,49.391002,0.21,2.238095238095238,196.2,26.975
NLA12_FL-107,0.546,0.009,3256.8747242605577,660.4060926672375,2.3776,13910.4,650000.0,8.0,2,1.4121,0.0,7.711919,0.27,2.407407407407407,46.5,27.2333333333333
NLA12_FL-108,0.854,0.07,3682.633548299421,562.5642175428346,34.48888889,5.3483328e6,1.85e8,8.0,4,4450.78674764,32.228817,25.252644,28.87,6.408036023553862,34.6,29.8333333333333
NLA12_FL-123,0.26,0.007,3675.3199904767644,1035.9459224768004,1.952,18835.2,630000.0,8.0,1,5.04481615905,9.274122,0.58855,0.3,2.1,33.6,29.925
NLA12_FL-126,1.279,0.05,3055.7756200773656,674.0680918671067,11.30666667,2.0774880000000002e6,3.387e7,8.0,3,2642.3962365,0.650549,37.360992,21.71,1.5601105481345001,16.3,30.175
NLA12_FL-132,2.82,0.083,1484.6309495729959,199.5497909711476,34.572,44323.200000000004,1.287e7,8.0,4,68.5755,0.0,33.735809,5.58,2.3064516129032255,290.4,31.3
NLA12_FL-141,0.321,0.027,1073.3320991145551,111.28868000925075,17.25714286,173145.6,860000.0,8.0,3,2.6073,32.930618,10.631688,0.21,4.095238095238096,5.0,31.175
NLA12_GA-103,0.33,0.037,3657.0410422249643,387.64707416668045,24.48,41385.6,560000.0,8.0,3,27.909617926,45.243544,3.420263,0.17,3.294117647058823,13.6,28.9
NLA12_GA-104,0.221,0.015,3561.97452175774,1152.7396927235714,5.024,4.9772448e6,8.265e8,8.0,2,2895.6716713,64.465283,0.705041,36.21,22.825186412593204,166.1,30.7966666666667
NLA12_GA-118,0.119,0.014,4085.1387654557175,1949.782922511021,1.35,1814.4,630000.0,8.0,1,3.42348898316,83.76248,0.0,0.14,4.5,346.3,25.6466666666667
NLA12_GA-127,1.145,0.036,1837.3034916367062,212.55529681517922,21.8,769564.8,2.67e6,8.0,3,765.041685672,44.453411,15.716178,0.72,3.7083333333333335,3.5,30.7375
NLA12_IA-101,2.234,0.144,9631.486525635071,942.3571423964103,79.8,21427.2,1.246e7,9.0,4,34.7815146561,0.150115,2.052437,3.7,3.3675675675675674,581.4,24.7
NLA12_IA-102,1.8,0.684,7293.45933804476,416.90018894550167,88.0,1382.4,510000.0,9.0,4,1.3923,4.524887,5.623788,0.19,2.68421052631579,372.4,28.3
NLA12_IA-104,0.699,0.022,7925.095309186678,1003.384986949657,4.8,6220.799999999999,3.22e6,9.0,2,13.3420673996,19.642616,0.161834,0.65,4.953846153846154,517.6,29.7333333333333
NLA12_IA-105,3.05,0.193,10175.197002181316,652.4535983969987,91.9,8121.6,2.96e6,9.0,4,10.3293,0.069705,0.348524,1.58,1.8734177215189873,365.0,23.38
NLA12_IA-107,4.738,0.493,9242.87470288268,501.37115493756346,104.0,26265.6,1.441e7,9.0,4,12.8878966049,0.0,16.15809,4.13,3.48910411622276,548.7,21.15
NLA12_IA-109,0.763,0.059,7295.1855392281395,416.90018894417597,5.268571429,1641.6,1.47e6,9.0,2,6.95449857788,1.630224,14.827273,0.48,3.0625,893.8,22.9725
NLA12_IA-113,0.696,0.033,5279.998905289565,798.2875987530717,15.9,11059.2,4.49e6,9.0,3,15.2296589355,5.909117,0.431365,1.22,3.680327868852459,405.6,26.5666666666667
NLA12_IA-120,0.958,0.191,11447.260164951975,2226.9744258161177,6.613333333,37238.4,3.2869999999999996e7,9.0,2,72.3175321289,0.079657,1.525939,11.85,2.773839662447249,882.6,24.3428571428571
NLA12_IA-127,0.86,0.05,5226.572348076579,730.4303412148954,14.34666667,5616.0,1.21e6,9.0,3,5.81963638458,4.095827,0.973725,0.33,3.6666666666666665,215.0,29.4666666666667
NLA12_IA-132,2.401,0.24,9526.372170575221,2618.754314288991,91.2,1641.6,1.65e6,9.0,4,1.458,3.641975,3.024692,0.5,3.3,1002.1,21.365
NLA12_IA-134,1.354,0.175,7526.424979828651,173.45142604285138,86.0,20649.6,1.77e6,9.0,4,28.1723363525,3.482317,0.086259,0.37,4.783783783783784,85.6,27.3
NLA12_IA-150,2.034,0.062,10774.713820623701,2331.337807853402,72.8,28425.600000000002,670000.0,9.0,4,27.4290069809,0.679312,0.987792,0.22,3.0454545454545454,23.6,29.0666666666667
NLA12_IA-152,1.418,0.24,9617.86139708057,937.6454258975185,62.4,13564.8,1.145e7,9.0,4,25.079189035,0.201012,4.217667,4.53,2.5275938189845473,844.1,27.8
NLA12_ID-101,0.14,0.056,225.8324963761204,33.461822455021405,1.168,86140.8,3.115e7,6.0,1,75.9187023376,80.044819,0.067584,2.41,12.9253112033195,361.6,22.2225
NLA12_ID-102,0.173,0.029,255.1735284455069,-1.7049975320953816,1.432,36460.799999999996,3.49e6,6.0,1,6.24925360794,81.333717,2.54933,0.6,5.816666666666667,95.8,
NLA12_ID-103,0.196,0.035,688.9740220188261,56.814700385984,3.562666667,62121.6,1.935e7,6.0,2,94.1270963739,69.202529,1.523047,2.94,6.581632653061225,311.4,26.3266666666667
NLA12_ID-105,0.478,0.029,259.12038268195744,-1.7049975320889654,2.824,4924.8,2.76e6,6.0,2,3.6342,74.170381,7.280832,0.48,5.75,561.0,
NLA12_ID-108,0.095,0.022,747.0298911731669,67.70603386343478,1.152,5.3214624e6,3.522e7,6.0,1,51.185803965,83.018603,6.475718,2.1,16.771428571428572,6.6,25.525
NLA12_ID-110,0.954,0.044,220.53360385983228,-10.52191838788847,4.88,437616.00000000006,1.27e6,10.0,2,278.728584982,10.104288,1.690236,1.06,1.1981132075471697,2.9,25.015
NLA12_ID-111,0.465,0.084,2255.118844266653,147.6228947168058,12.24,81734.4,1.86e7,10.0,3,278.323442444,1.205482,0.146481,2.35,7.914893617021277,227.6,
NLA12_ID-112,0.256,0.041,381.37857088067034,4.357639518504527,2.024,33350.4,1.34e6,6.0,2,8.6585592453,81.443728,5.658414,0.23,5.826086956521739,40.3,21.25
NLA12_ID-122,1.04,0.082,1142.0893569210034,88.49745142105749,45.68,92016.0,4.278e7,10.0,4,268.357473818,9.126215,1.966302,5.96,7.177852348993288,464.9,23.79
NLA12_ID-141,0.125,0.036,558.4879238847407,92.06662403157884,1.264,35337.6,6.26e6,6.0,1,27.3927719902,80.045359,0.318827,0.73,8.575342465753424,177.3,
NLA12_ID-143,0.72,0.068,343.45519476556035,38.082125467043085,5.76,3628.8,1.06e6,10.0,2,23.3424,0.0,0.0,0.24,4.416666666666667,292.5,21.3666666666667
NLA12_ID-145,0.029,0.023,199.74961515300524,5.232744539973649,0.441142857,9331.2,1.59e6,6.0,1,11.5632201839,74.170948,2.327573,0.23,6.913043478260869,170.0,
NLA12_ID-148,0.303,0.077,522.9269513024296,2.891567856277959,5.546666667,9504.0,2.39e6,10.0,2,2.4111,57.409481,0.0,0.26,9.192307692307692,251.2,22.16
NLA12_ID-165,1.536,0.118,260.79032870767844,-1.7049975320885844,4.056,115344.0,1.39e6,6.0,2,28.1244386587,82.414875,6.650026,0.22,6.318181818181818,12.1,
NLA12_ID-166,0.665,0.058,1939.4588923511565,117.72066159721015,2.456,74217.6,720000.0,10.0,2,457.272429105,0.011612,0.160012,0.26,2.769230769230769,9.7,21.04
NLA12_ID-168,0.103,0.017,190.17269627581234,5.859381918600517,1.296,149731.2,6.97e6,6.0,1,109.386082034,41.411656,1.463824,0.96,7.260416666666667,46.5,14.6
NLA12_ID-175,0.553,0.201,363.8469756834635,38.08212546691621,24.48,35424.0,2.12e6,10.0,3,136.28856078,5.691889,0.141983,0.32,6.625,59.9,22.055
NLA12_ID-194,0.471,0.093,866.7297616120277,117.2444194064238,31.36,35424.0,1.9e6,10.0,4,102.195391604,0.599651,0.379515,0.59,3.2203389830508473,53.6,18.55
NLA12_ID-203,1.369,0.175,390.26463049087454,46.515890910333646,22.29333333,1382.4,1.22e6,6.0,3,4.88635361252,4.694403,0.055228,0.21,5.809523809523809,879.2,20.97
NLA12_ID-207,0.235,0.043,287.5492587885504,-1.7049975320872894,5.448,38534.4,1.58e6,6.0,2,26.8101792475,83.454155,1.587462,0.28,5.642857142857142,41.0,27.245
NLA12_ID-210,0.051,0.009,332.686715977426,-10.467716878533594,0.384,2592.0,1.75e6,6.0,1,5.24100473327,14.938187,0.274725,0.24,7.291666666666667,673.3,
NLA12_ID-214,0.29,0.134,1056.8170007148792,205.4329709615145,8.72,448934.39999999997,6.846e7,10.0,3,1841.80581523,9.700259,0.346213,3.05,22.445901639344264,152.5,20.43
NLA12_ID-216,1.76,0.275,365.5509105327513,38.0821254669898,86.56,11664.0,1.04e6,10.0,4,44.1486620625,0.1488,0.038729,0.33,3.1515151515151514,89.0,18.885
NLA12_IL-103,1.133,0.068,5111.272293209901,-71.45532081050573,30.08,20476.8,1.14e6,8.0,4,17.6482886078,3.275176,0.0,0.45,2.5333333333333337,55.9,22.25
NLA12_IL-104,0.731,0.017,5585.960306669817,819.0776493273927,6.16,2937.6000000000004,3.06e6,8.0,2,3.1581,7.039042,6.839556,0.84,3.6428571428571432,1043.3,28.6
NLA12_IL-105,0.603,0.028,7015.286831666801,365.33639793806617,12.37333333,67392.0,4.97e7,8.0,3,53.757996611,24.829653,0.008371,2.36,21.059322033898304,737.5,23.8
NLA12_IL-106,1.188,0.062,5531.608532410804,819.0776493285188,59.36,78105.6,6.18e6,8.0,4,99.4267307922,9.567208,4.266372,1.42,4.352112676056339,79.1,28.4
NLA12_IL-111,0.986,0.089,7367.973509289923,800.0734617939972,59.36,49075.2,2.8e7,8.0,4,27.6058046173,20.895279,0.0,2.57,10.894941634241246,570.6,24.8666666666667
NLA12_IL-118,1.136,0.091,5598.465846506881,819.0776493283663,57.28,16761.600000000002,390000.0,8.0,4,16.767,2.012883,2.313473,0.22,1.7727272727272727,23.2,28.6
NLA12_IL-123,4.606,0.384,14514.360551540245,2640.426590146924,234.4,8380.800000000001,2.0499999999999998e6,8.0,4,23.2731,13.678023,9.957849,0.59,3.474576271186424,244.5,15.575
NLA12_IN-102,0.578,0.037,8051.101038071055,1158.9607674227166,4.272,11491.2,5.09e6,8.0,2,11.126454744,7.250951,8.529578,1.75,2.908571428571429,442.7,27.9
NLA12_IN-103,1.304,0.065,7589.6923747772835,1159.099360279854,27.57333333,29807.999999999996,1.38e6,8.0,3,38.4458467483,13.0107,2.968791,0.47,2.936170212765958,46.4,23.1666666666667
NLA12_IN-104,0.621,0.04,4900.470915519318,368.57764280591465,16.24,1123.2,310000.0,8.0,3,1.08253744354,69.326683,0.0,0.11,2.8181818181818183,272.1,26.0666666666667
NLA12_IN-105,0.89,0.04,8591.19075669903,660.5237337395569,15.2,57110.4,3.47e6,8.0,3,16.0263,21.070365,4.397147,1.12,3.0982142857142856,60.8,27.5433333333333
NLA12_IN-106,0.614,0.029,7911.8060538371055,1037.7663128606562,8.48,12960.0,980000.0,8.0,3,18.7157415894,18.590114,2.596653,0.23,4.260869565217391,75.5,27.9666666666667
NLA12_IN-108,1.051,0.058,9197.54763838799,584.4028458701835,17.2,51321.6,2.95e6,8.0,3,16.3049437134,4.979299,3.593707,0.87,3.3908045977011496,57.5,27.94
NLA12_IN-111,1.359,0.046,7566.628310671176,413.29477422828944,38.4,61776.0,4.0199999999999995e6,8.0,4,49.9130115738,21.757948,0.173126,0.7,5.74285714285713,65.1,27.9333333333333
NLA12_IN-112,0.765,0.059,7957.437965840365,718.0120536086368,33.12,37670.4,3.87e6,8.0,4,26.359820343,9.680503,0.027307,1.39,2.7841726618705036,102.8,26.1
NLA12_IN-113,0.558,0.016,3771.5038288821966,129.90337610009323,2.813793103,82425.59999999999,4.819e7,8.0,2,126.024910167,8.944192,23.420573,5.49,8.777777777777779,584.6,26.4666666666667
NLA12_IN-117,1.234,0.009,8927.646203068987,1471.8064756695471,4.284,5.4165888e6,1.37e6,8.0,2,4.4604,0.0,0.0,0.41,3.3414634146341466,0.3,25.8666666666667
NLA12_IN-128,0.616,0.032,8052.530959658679,1158.9607674230992,4.08,91497.59999999999,1.37e6,8.0,2,10.2376375763,14.319621,9.968354,0.47,2.9148936170212765,14.9,25.7083333333333
NLA12_IN-130,0.428,0.019,2389.1189733667293,271.84328172695945,5.893333333,23587.2,3.4e6,8.0,2,23.8087923157,63.921228,0.0,0.53,6.415094339622641,144.1,30.3333333333333
NLA12_IN-142,1.524,0.125,5168.120906817247,361.64814550530104,12.48,7603.2,360000.0,8.0,3,10.1931615692,49.028783,0.044146,0.13,2.769230769230769,47.8,25.895
NLA12_IN-144,0.836,0.031,7793.354969737409,977.2689859571973,7.4,17625.6,2.6e6,8.0,3,28.6549213486,15.022146,5.720478,0.78,3.333333333333333,147.4,27.59
NLA12_IN-146,0.285,0.024,1022.2528531081635,33.27033499171223,2.56,20390.399999999998,2.38e6,8.0,2,17.8684546509,95.371676,0.0,0.38,6.2631578947368425,116.7,29.7
NLA12_IN-149,0.758,0.051,7581.009312909944,1159.0986699561138,12.88,98668.79999999999,1.03e7,8.0,3,87.1136728088,7.178502,15.031667,2.28,4.517543859649123,104.4,24.35
NLA12_IN-163,0.998,0.076,8068.786583446909,518.3302839083501,35.6,448156.80000000005,1.357e8,8.0,4,420.03433239,7.915859,0.318408,4.89,27.750511247443765,302.8,24.5
NLA12_IN-166,1.28,0.112,7988.15000917702,1032.3908817130298,22.72,31190.399999999998,6.43e6,8.0,3,51.736619339,40.367786,0.911637,3.0,2.1433333333333335,206.1,28.365
NLA12_IN-172,1.116,0.011,8027.0690856436695,1158.9607674233914,2.16,40435.200000000004,1.88e6,8.0,2,37.308119252,12.127645,3.415422,0.65,2.892307692307692,46.6,27.6
NLA12_IN-185,0.771,0.064,7603.5267254805285,1159.0993602798044,30.0,29030.4,460000.0,8.0,3,65.3571101349,27.458757,3.273293,0.15,3.066666666666667,15.7,23.9666666666667
NLA12_IN-186,0.484,0.015,9471.392397683045,1611.3332415655545,2.736,2160.0,1.14e6,8.0,2,6.99931220856,3.458473,13.538185,0.37,3.081081081081081,530.1,24.0666666666667
NLA12_IN-187,0.285,0.011,3850.7713536173537,210.76452535904025,5.04,18230.399999999998,1.453e7,8.0,2,18.9915659363,8.252358,17.874579,3.2,4.540625,797.2,22.6333333333333
NLA12_IN-193,0.35,0.009,8925.083322262519,1471.8064756684496,5.104,3.4762176e6,250000.0,8.0,2,0.3663,0.0,0.0,0.17,1.4705882352941175,0.1,24.9
NLA12_IN-196,0.593,0.017,7827.6143524142035,1159.230352668301,4.165714286,75686.4,4.45e6,8.0,2,121.68476532,12.173817,6.309911,1.52,2.9276315789473686,58.8,23.1333333333333
NLA12_IN-199,0.536,0.031,3856.137573935357,210.76452535872346,4.18,15292.8,1.68e6,8.0,2,18.4641702759,5.787499,17.591465,0.41,4.097560975609756,109.9,23.06
NLA12_KS-102,0.885,0.053,1502.3014071162352,493.3836675793398,8.564705882,31881.6,8.86e6,9.0,3,386.520654831,0.303395,0.519939,1.03,8.601941747572814,277.9,23.3
NLA12_KS-103,0.504,0.028,3463.3689583671203,212.41423112742788,12.59354839,12700.8,3.2e6,9.0,3,18.3142195999,16.272786,0.343929,0.83,3.855421686746988,251.7,24.4666666666667
NLA12_KS-105,1.409,0.19,3719.1583957870807,331.0747629743924,44.4,282528.0,1.73e6,9.0,4,1.6974,10.710498,11.876988,0.47,3.6808510638297873,6.1,24.3666666666667
NLA12_KS-108,1.194,0.261,6888.8066944867105,471.36229343198283,50.4,14860.8,820000.0,9.0,4,24.22552397,4.291926,0.19323,0.26,3.1538461538461537,55.0,22.95
NLA12_KS-114,0.588,0.046,3879.540330347988,333.87135734794487,15.408,15379.199999999999,3.66e6,9.0,3,18.6586230515,8.409683,0.622047,0.95,3.8526315789473684,237.8,23.2
NLA12_KS-121,0.643,0.068,3620.9931720624054,253.31105741710758,21.71428571,3542.4,290000.0,9.0,3,6.14992910614,1.258598,0.234158,0.11,2.6363636363636362,80.5,27.6333333333333
NLA12_KS-122,0.534,0.06,2911.233880811111,362.6182464149622,20.0,1.4862528e6,2.526e8,9.0,3,13148.2019602,0.755393,1.253111,36.6,6.9016393442622945,170.0,26.8666666666667
NLA12_KS-124,0.678,0.103,2427.738088123318,244.03148303859757,19.71,9590.4,340000.0,9.0,3,18.2533065765,3.430938,0.369713,0.15,2.266666666666667,35.1,24.6
NLA12_KS-125,0.309,0.016,3694.013859363832,569.0733524043139,3.066666667,13392.0,1.81e7,9.0,2,20.6175653641,32.656713,0.130959,1.38,13.115942028985508,1351.6,25.3
NLA12_KS-138,0.329,0.012,5005.039146976194,530.5354996308638,3.588571429,14083.2,200000.0,9.0,2,0.459,1.372549,0.0,0.1,2.0,14.0,25.5666666666667
NLA12_KY-101,0.136,0.016,766.8590696529624,49.52455028074615,1.16,17971.2,1.39e7,8.0,1,11.8664614929,87.269555,0.0,0.86,16.16279069767442,773.5,27.2333333333333
NLA12_KY-102,0.379,0.025,7688.672011804291,928.1903964487823,13.376,10281.6,740000.0,8.0,3,8.55651964416,97.002525,0.283971,0.15,4.933333333333334,71.7,25.8
NLA12_KY-103,0.166,0.022,1263.419317223606,134.82134020272204,0.0,12528.0,6.1e6,8.0,1,14.1356550476,89.548723,0.0,0.75,8.133333333333333,487.1,24.4666666666667
NLA12_KY-107,0.823,0.05,2772.5131480199366,528.8549059852841,44.26666667,13219.199999999999,1.11e6,8.0,4,9.79793797302,25.408932,0.340011,0.35,3.1714285714285717,84.3,26.4333333333333
NLA12_KY-114,1.373,0.025,4285.3158825809705,571.2367053415086,10.8,2.1118752e6,7.517e8,8.0,3,1805.49952909,41.998713,0.07582,17.98,41.80756395995551,355.9,25.2666666666667
NLA12_KY-116,0.415,0.026,4482.621292182546,1149.741758724891,2.593333333,9936.0,4.65e6,8.0,2,14.0914718811,51.688909,0.740693,1.39,3.3453237410071943,467.6,31.6
NLA12_KY-122,1.03,0.095,5748.937604532702,653.4745347366583,48.54545455,85363.2,2.83e6,8.0,4,77.0211148041,15.749126,0.067778,0.78,3.628205128205128,33.1,22.5
NLA12_LA-101,1.453,0.361,3518.4294769893395,-170.95615665058867,100.5333333,87264.0,8.4e6,8.0,4,23.0685113068,3.866864,12.728266,3.2,2.625,96.3,30.1666666666667
NLA12_LA-102,0.538,0.112,3004.275266748595,154.58538790713288,11.664,179452.8,6.828e7,8.0,3,92.2470226776,57.532682,4.867317,11.63,5.871023215821151,380.5,31.5666666666667
NLA12_LA-105,0.358,0.068,3018.1146117566213,150.93344693502905,12.096,226713.6,6.07e7,8.0,3,105.003046774,63.901126,8.182629,6.67,9.100449775112445,267.7,30.1
NLA12_LA-109,1.38,0.397,3436.0997063282525,-185.9092822070995,51.6,14428.800000000001,1.09e6,8.0,4,1.4157,0.762873,13.223141,0.46,2.369565217391304,75.5,32.7
NLA12_LA-141,9.5,3.085,3567.5905346188997,-170.95615665067666,426.0,63331.2,170000.0,8.0,4,3.5865,0.0,65.746549,0.14,1.2142857142857142,2.7,35.5
NLA12_LA-152,0.708,0.045,2761.9787642818233,117.00799668254737,47.1,169603.2,5.2e6,8.0,4,19.9233,31.024981,20.766138,1.31,3.969465648854962,30.7,29.7666666666667
NLA12_LA-161,0.615,0.055,1578.601124882686,79.51472722385269,13.648,7171.200000000001,590000.0,8.0,3,2.0403,9.175122,11.02779,0.32,1.84375,82.5,30.2333333333333
NLA12_LA-172,1.948,0.427,3694.9639130510895,577.5496042007481,74.0,23587.2,2.77e6,8.0,4,2.1357,0.210704,0.210704,1.06,2.6132075471698113,117.6,35.2
NLA12_MA-101,0.224,0.036,3539.8212585273814,440.060105237318,15.5,4579.2,340000.0,8.0,3,2.1771,46.010749,12.732534,0.14,2.4285714285714284,73.5,21.8166666666667
NLA12_MA-103,0.395,0.015,1009.0880711603437,7.257493510665018,4.68,7776.0,2.57e6,5.0,2,5.6259,82.786755,3.087506,0.47,5.468085106382979,330.1,18.075
NLA12_MA-104,0.739,0.025,4101.239187182647,639.1950710003514,33.76,9849.6,3.03e6,8.0,4,4.42479613952,38.987188,0.976205,0.64,4.734375,307.9,23.6
NLA12_MA-105,0.325,0.024,1484.3733109638201,164.55632422183257,6.34,231724.8,4.08e6,5.0,2,126.350013702,82.012795,9.038127,0.74,5.513513513513514,17.6,21.6
NLA12_MA-106,0.278,0.013,2179.89310558982,248.06288510110716,5.273846154,2937.6000000000004,1.09e6,8.0,2,1.0368,73.4375,0.0,0.27,4.037037037037037,371.8,22.0
NLA12_MA-108,0.474,0.048,3479.7738684163096,440.06010523450107,18.18666667,1728.0,740000.0,8.0,3,0.4401,46.012271,5.316974,0.24,3.0833333333333335,427.9,22.2
NLA12_MA-109,0.261,0.007,2862.377054995847,382.5152586623552,1.472,5702.400000000001,670000.0,8.0,1,1.1394,10.42654,4.265403,0.26,2.576923076923077,117.4,24.1
NLA12_MA-110,0.238,0.013,2524.9024828478905,191.52445802190357,5.08,6048.000000000001,2.77e6,5.0,2,2.497845932,72.226225,0.0,0.41,6.75609756097561,458.6,21.5333333333333
NLA12_MA-111,0.224,0.029,3186.127681739329,440.06010523499816,5.533333333,69724.8,320000.0,8.0,2,25.0321993011,66.278275,0.823534,0.11,2.909090909090909,4.6,23.0
NLA12_MD-101,0.218,0.006,1152.742020613448,27.38343666041369,1.776,25401.6,4.48e6,8.0,1,24.2490022614,80.978725,0.0,0.83,5.397590361445784,176.4,26.5166666666667
NLA12_MD-102,0.89,0.081,4898.973896140087,844.0374109972488,42.56,98841.59999999999,360000.0,8.0,4,71.1807965607,25.794052,1.986395,0.11,3.272727272727273,3.6,28.02
NLA12_MD-103,0.271,0.005,929.3231667135615,-61.50816833928418,0.842666667,7344.000000000001,490000.0,8.0,1,3.60104397584,55.935162,0.124688,0.11,4.454545454545454,67.1,25.375
NLA12_ME-101,0.2,0.004,387.25970273840693,29.956375778350804,1.909,51926.4,4.09e6,8.0,1,25.9344597656,77.963984,2.272648,0.91,4.494505494505494,78.8,22.95
NLA12_ME-102,0.3,0.008,306.2619369729616,-7.332425778661641,2.736,176515.2,2.575e7,5.0,2,100.272178235,78.688377,5.12908,2.63,9.790874524714829,145.9,22.9333333333333
NLA12_ME-103,0.3,0.006,353.9533559099774,-1.613879046016256,3.044,278812.8,2.124e7,5.0,2,169.093281885,80.997398,3.705774,1.78,11.93258426966292,76.2,23.5333333333333
NLA12_ME-104,0.6,0.012,233.8086543238955,-1.4165463311501032,3.272,54259.2,3.31e6,5.0,2,39.4559056412,67.288867,11.176779,0.83,3.987951807228916,60.9,25.1
NLA12_ME-105,0.6,0.013,233.39501599197942,-1.4165463311512712,6.528,12268.8,2.54e6,5.0,2,4.46174796753,87.537871,1.555242,0.46,5.521739130434782,207.0,23.3333333333333
NLA12_ME-106,0.3,0.006,442.477117702712,27.158596808246138,4.565,25228.8,3.23e6,5.0,2,9.54200640564,82.94983,3.904188,0.47,6.872340425531916,127.9,24.2
NLA12_ME-107,0.2,0.004,383.2246073747037,31.14617711396077,1.508571429,6652.8,4.29e6,8.0,1,3.26109265137,68.221977,0.138045,0.81,5.296296296296296,645.5,23.4
NLA12_ME-108,0.3,0.009,372.02641049772086,88.53256278799188,5.662857143,424051.2,4.3441e8,8.0,2,229.183474782,49.195528,8.426439,27.31,15.906627608934457,1024.4,20.7333333333333
NLA12_ME-109,0.4,0.015,397.36848927181035,10.637450751679577,6.56,665280.0,1.74e7,8.0,2,485.185426062,62.323736,13.018961,17.88,0.9731543624161074,26.2,23.7
NLA12_ME-110,0.2,0.006,749.0170726994651,78.03152835908054,2.02,62208.0,6.185e7,5.0,2,25.6551496216,61.297225,4.170906,4.98,12.419678714859437,994.3,24.4
NLA12_ME-114,0.3,0.006,1116.8084721934365,444.5102034923857,1.92,76464.0,9.48e6,8.0,1,37.3733906342,78.916316,3.956653,1.39,6.820143884892087,123.9,26.65
NLA12_ME-116,0.4,0.013,283.91726780579205,-7.34388794907419,3.461,5529.6,600000.0,5.0,2,2.86833482666,68.567847,1.84895,0.11,5.454545454545454,108.1,23.3
NLA12_ME-118,0.3,0.011,565.7858263538474,32.480867376761566,2.092,4579.2,1.32e6,8.0,2,2.25,68.92,4.28,0.32,4.125,288.7,26.0
NLA12_ME-120,0.4,0.01,272.55320063667665,-1.416546331151224,2.72,115344.0,970000.0,8.0,2,49.0624925949,71.070347,9.129597,0.22,4.409090909090909,8.4,25.3666666666667
NLA12_ME-121,0.3,0.011,437.5122447479494,27.158596808169666,15.893,20649.6,810000.0,5.0,3,6.57700702514,80.65134,1.915709,0.18,4.5,39.2,25.9
NLA12_ME-122,0.5,0.011,407.1689227987828,31.14617711395615,1.68,200188.80000000002,4.66e6,8.0,1,88.0684380615,68.476351,14.617146,1.22,3.819672131147541,23.3,24.3
NLA12_ME-129,0.4,0.013,394.6094707957702,16.478879434180893,3.925333333,4924.8,350000.0,8.0,2,2.49804957734,83.783784,6.234234,0.11,3.1818181818181817,71.6,23.5
NLA12_ME-135,0.3,0.009,396.8260970909019,88.53256278790774,2.256,48988.799999999996,1.076e7,8.0,2,28.4793590012,82.125818,5.320863,1.84,5.8478260869565215,219.7,20.8666666666667
NLA12_ME-137,0.4,0.016,1287.8199517988974,157.74064421841683,4.874,5356.8,610000.0,8.0,2,3.8763,72.393777,8.521013,0.17,3.5882352941176467,114.3,20.0
NLA12_MI-101,0.604,0.015,3498.050507754555,291.4592361961627,2.808,3456.0,770000.0,8.0,2,4.8762,44.795128,1.919528,0.23,3.3478260869565215,221.5,25.7666666666667
NLA12_MI-102,0.588,0.046,1046.123367066099,-9.455625384715319,33.44,1.5472512000000002e6,7.96e6,8.0,4,1957.5982161,57.479663,14.561045,2.11,3.7725118483412325,5.1,24.8
NLA12_MI-103,0.581,0.029,1131.0470907162521,-40.94519809507,2.56,21686.4,3.75e6,5.0,2,16.0657296021,36.37229,43.859551,0.94,3.9893617021276597,173.0,21.7
NLA12_MI-104,0.619,0.018,2237.202002373127,78.8020713213765,5.176,6220.799999999999,4.61e6,8.0,2,6.85064577942,37.342272,19.794953,1.05,4.39047619047619,741.0,29.3333333333333
NLA12_MI-106,0.511,0.036,755.1805631673833,2.131738668940425,3.466666667,10540.8,7.44e6,8.0,2,16.6004890823,35.245946,19.193015,1.8,4.133333333333333,705.8,23.4333333333333
NLA12_MI-107,0.318,0.031,694.2954815351336,30.038960552963964,3.015384615,222048.0,4.233e7,5.0,2,304.967638422,58.316513,10.929919,9.06,4.672185430463576,190.6,22.7
NLA12_MI-108,0.558,0.014,2267.2791555630292,-32.74898234213714,4.48,9849.6,3.17e6,8.0,2,9.684,19.284387,11.412639,0.71,4.464788732394367,321.5,28.75
NLA12_MI-109,0.569,0.044,2773.4500759128155,-96.66004576607759,19.34883721,700704.0,4.43e6,8.0,3,1063.18862281,17.435326,10.868266,1.59,2.786163522012578,6.3,27.2
NLA12_MI-110,0.551,0.01,5000.81883372886,678.1631344587394,1.501714286,12009.6,330000.0,8.0,1,23.9991678314,20.874423,24.252877,0.15,2.2,27.4,26.2
NLA12_MI-112,0.79,0.038,3375.8836937760816,-205.27383451241758,17.04,216172.8,5.22e6,8.0,3,381.918648065,9.076898,15.170111,1.8,2.9,24.1,29.3
NLA12_MI-113,0.436,0.075,1550.6923592915914,33.723332538948284,2.917333333,13651.2,3.82e6,5.0,2,105.909560554,39.146471,9.198137,0.87,4.390804597701149,280.0,22.2333333333333
NLA12_MI-114,0.659,0.051,2143.0758769052927,69.82828930699905,11.2,28771.2,2.35e6,8.0,3,59.9582753723,18.213482,16.180753,0.53,4.433962264150944,81.7,29.6
NLA12_MI-115,0.588,0.015,3898.3555362825837,257.2264111759287,3.5,6825.6,4.3e6,8.0,2,4.04747465515,3.976894,6.998445,1.34,3.2089552238805967,630.5,28.6
NLA12_MI-116,0.514,0.036,408.95407383544324,5.302162042780479,3.568,58147.200000000004,3.07e6,5.0,2,26.9575791916,48.068513,48.318921,0.69,4.449275362318841,52.7,22.9
NLA12_MI-117,0.489,0.018,4999.788866216052,678.1631344565849,3.144,1468.8000000000002,1.02e6,8.0,2,1.7379,26.877265,11.082341,0.31,3.290322580645161,692.2,27.8
NLA12_MI-118,0.389,0.008,423.5357215122864,6.286822097309985,2.974117647,4320.0,2.32e6,5.0,2,2.4471,71.974991,4.486943,0.49,4.73469387755102,536.4,24.7
NLA12_MI-122,0.218,0.021,606.4597058782806,-15.302236445364795,1.045,1123.2,1.94e6,5.0,1,4.7925,66.985916,1.802817,0.55,3.527272727272727,1726.2,23.5666666666667
NLA12_MI-123,0.501,0.022,3099.7808016766603,-177.4388801724122,6.186666667,8035.2,330000.0,8.0,2,24.5656797226,14.096787,23.339561,0.19,1.736842105263158,40.8,27.4
NLA12_MI-124,0.616,0.038,1747.9456023823648,-34.360400983906786,3.0,6220.799999999999,680000.0,8.0,2,0.6651,36.53586,4.871448,0.19,3.5789473684210527,109.2,28.7
NLA12_MI-125,0.513,0.021,403.7118830274979,31.6107156777898,5.84,91929.6,740000.0,5.0,2,3.20746249924,73.731427,12.447435,0.19,3.894736842105263,8.0,23.3
NLA12_MI-126,0.669,0.039,684.7487133763525,-9.539414991245335,4.106666667,29635.2,620000.0,5.0,2,48.4314459412,68.671856,2.926041,0.2,3.1,20.8,21.8666666666667
NLA12_MI-128,0.395,0.01,3969.517140883183,257.2264111758133,3.032,20563.2,2.62e6,8.0,2,23.6754,40.515472,3.744393,0.61,4.295081967213115,127.2,28.7
NLA12_MI-129,0.488,0.021,913.3401574501992,-13.227309930925156,2.373333333,2073.6,2.47e7,5.0,2,2.52250144958,50.605413,11.894587,0.38,65.0,11911.6,26.7
NLA12_MI-136,0.721,0.017,2865.0738634770323,13.615392193852358,6.224,86.4,320000.0,5.0,2,3.0276,3.775268,10.671819,0.21,1.5238095238095237,3723.8,27.425
NLA12_MI-141,0.359,0.019,454.0801445913206,31.610715677757273,2.313333333,864.0,510000.0,5.0,2,1.1079,55.239643,14.053615,0.15,3.4,591.3,22.8
NLA12_MI-145,0.779,0.029,1541.316075641085,33.723332538601866,5.824,604.8000000000001,1.03e6,5.0,2,2.41435200806,22.790004,20.365535,0.33,3.121212121212121,1707.2,21.6
NLA12_MI-148,0.379,0.008,462.47655424702367,10.314309727601767,1.530666667,33264.0,1.39e7,5.0,1,22.3569859268,51.299799,20.965795,1.22,11.39344262295082,417.9,25.0333333333333
NLA12_MI-151,0.398,0.01,3926.4189497746097,6.656913166814775,3.423,131328.0,360000.0,8.0,2,0.3195,2.816901,4.507042,0.14,2.571428571428571,2.7,29.2
NLA12_MI-152,1.236,0.03,4851.639004449358,1481.344326953455,23.3,2851.2000000000003,230000.0,8.0,3,3.4074,27.918648,15.953513,0.1,2.3,81.1,28.85
NLA12_MI-161,0.61,0.03,744.3322238592721,7.734024352911174,15.392,101260.79999999999,2.879e7,5.0,3,133.569912428,43.710751,22.459774,10.36,2.778957528957529,284.3,24.6
NLA12_MI-162,0.246,0.005,385.75891894818415,4.436626914202208,2.341333333,25747.199999999997,2.2e6,5.0,2,6.039,57.09389,5.216095,0.57,3.859649122807018,85.5,24.9
NLA12_MI-165,0.565,0.017,971.2480604313316,-167.82382656968002,16.48,777.5999999999999,320000.0,5.0,3,0.2979,48.036254,5.135951,0.11,2.909090909090909,416.8,24.9
NLA12_MI-168,3.663,0.023,3421.4021889793958,173.47438707197847,13.41538462,42422.4,1.25e6,8.0,3,46.8481513733,4.657818,6.561281,0.36,3.4722222222222223,29.4,28.4
NLA12_MI-172,0.566,0.016,2373.3789741660166,4.110085862057588,2.712,1814.4,870000.0,8.0,2,3.0114,59.38434,2.121937,0.18,4.833333333333334,480.9,23.9
NLA12_MI-177,0.388,0.023,806.7090016691633,81.35716786128836,1.670857143,66873.6,4.7566e8,8.0,1,29.3922,53.977586,3.705064,24.88,19.118167202572348,7112.8,23.6
NLA12_MN-101,0.524,0.022,367.5290397792431,11.162549426856032,8.016,58320.00000000001,5.55e6,5.0,3,53.3438889244,49.046897,30.082659,1.42,3.9084507042253525,95.1,24.7333333333333
NLA12_MN-102,0.503,0.044,465.16079861514567,8.36061296043136,5.68,15465.599999999999,1.4e6,5.0,2,12.1596622971,47.512217,34.355102,0.36,3.888888888888889,90.4,20.905
NLA12_MN-103,0.688,0.036,774.5011873173687,55.01701568235412,13.984,2505.6,3.18e6,5.0,3,9.7074,43.630632,25.746338,0.91,3.4945054945054945,1269.0,24.0
NLA12_MN-104,0.659,0.038,3495.1838616198634,561.4189418024315,1.786666667,172.8,1.91e6,8.0,1,2.7684,28.381014,0.682705,0.57,3.350877192982457,11063.3,26.6666666666667
NLA12_MN-105,0.395,0.026,275.61973547798976,1.6445290655652032,5.536,950.4,520000.0,5.0,2,2.709,56.112957,23.72093,0.14,3.714285714285714,542.5,22.1
NLA12_MN-107,4.063,0.098,4302.231657435273,316.2997191912575,41.76,47174.4,1.106e7,8.0,4,118.50076718,2.850915,1.701132,2.1,5.266666666666666,234.4,20.3
NLA12_MN-108,0.395,0.021,500.93234428710457,42.4594225207022,3.52,10281.6,4.92e6,5.0,2,17.208,79.15795,1.589958,0.91,5.406593406593407,478.7,21.1666666666667
NLA12_MN-109,1.055,0.025,353.591667623179,1.7185303779821581,4.149333333,53395.2,1.14e6,5.0,2,1.9574080101,57.773689,17.433303,0.37,3.081081081081081,21.4,22.0666666666667
NLA12_MN-110,0.791,0.04,731.6098700834008,55.01701568220297,12.16,3628.8,3.13e6,5.0,3,52.8104327042,32.862378,26.478057,1.43,2.188811188811189,861.9,26.8333333333333
NLA12_MN-111,0.679,0.02,9735.928695057724,1991.4470086462175,2.688,3283.2,2.94e6,8.0,2,4.374,9.753086,6.234568,0.63,4.666666666666667,895.3,24.0733333333333
NLA12_MN-112,2.894,0.159,5864.646709536437,461.75625744413514,92.8,20995.2,3.65e6,8.0,4,12.5953578232,3.736782,13.618176,1.78,2.0505617977528092,173.6,23.8333333333333
NLA12_MN-113,3.844,0.236,3686.2940364697033,186.75427756935926,203.4,604.8000000000001,900000.0,9.0,4,10.5624052048,1.073803,4.397477,0.31,2.903225806451613,1494.6,26.2333333333333
NLA12_MN-114,3.006,0.159,7207.701503070072,2232.6301915576905,115.7333333,1209.6000000000001,1.84e6,8.0,4,2.241,18.393574,11.445784,0.57,3.2280701754385968,1519.4,22.0
NLA12_MN-115,0.544,0.056,3486.040143390776,561.4189418018278,3.464,864.0,900000.0,8.0,2,3.2832,37.5,2.76864,0.28,3.214285714285714,1041.1,25.07
NLA12_MN-116,1.026,0.03,7813.40278379655,1447.3727153534537,26.24,5616.0,2.68e6,8.0,3,12.5167435181,1.797139,5.988067,0.82,3.2682926829268295,477.5,27.9
NLA12_MN-118,4.9,0.524,4339.326369653245,-139.13695580054696,122.4,144374.4,2.26e6,8.0,4,2.37618139801,5.528209,4.922378,0.74,3.054054054054054,15.7,23.7
NLA12_MN-120,0.734,0.046,2405.095456406571,348.1015618890239,25.76,13478.4,3.008e7,5.0,3,87.4935524803,69.800005,8.854756,6.99,4.303290414878397,2231.4,14.05
NLA12_MN-121,1.453,0.054,7148.590600825459,2208.4142797123973,18.5,59011.200000000004,1.356e7,8.0,3,101.207380531,8.727858,3.306182,3.62,3.7458563535911598,229.8,25.05
NLA12_MN-122,0.791,0.038,4407.0432234925365,141.0412623043943,3.424,14947.199999999999,2.187e7,8.0,2,49.8123,7.15486,3.575623,4.67,4.683083511777302,1463.1,22.06
NLA12_MN-127,1.994,0.11,3445.776982119372,561.41894180192,40.8,604.8000000000001,220000.0,9.0,4,3.24,0.416667,19.944444,0.13,1.6923076923076923,365.9,21.55
NLA12_MN-130,0.558,0.031,377.6974158914553,8.360612960439825,7.536,3024.0000000000005,1.39e6,5.0,3,4.33697071838,71.627232,16.313823,0.26,5.346153846153846,461.0,20.6666666666667
NLA12_MN-132,0.976,0.038,6605.729561792229,1739.738765344023,5.245714286,5270.4,1.68e6,8.0,2,11.9961,23.287568,7.044789,0.49,3.428571428571429,318.2,22.4066666666667
NLA12_MN-137,4.638,0.272,2319.8354542313723,348.10156188864164,107.2,777.5999999999999,100000.0,9.0,4,1.2195,0.0,4.723247,0.12,0.8333333333333334,125.8,16.9
NLA12_MN-145,0.688,0.028,3938.098095867061,526.6368060118165,3.008,1987.2,2.24e6,8.0,2,7.9092,39.599454,4.688211,0.47,4.76595744680851,1125.6,23.4766666666667
NLA12_MN-147,0.744,0.045,799.1439994344537,25.684838548604226,10.22857143,777.5999999999999,380000.0,5.0,3,0.8748,20.679012,14.403292,0.16,2.375,490.4,27.3
NLA12_MN-152,1.756,0.132,3105.6910122279796,156.15417264431449,59.6,6307.2,980000.0,8.0,4,4.1661,1.922661,0.928926,0.36,2.7222222222222223,155.8,22.4333333333333
NLA12_MN-157,2.049,0.086,3445.1883362330345,561.4189418022007,50.4,518.4,1.46e6,8.0,4,1.5948,27.765237,0.902934,0.37,3.945945945945946,2818.3,26.33
NLA12_MN-158,4.363,0.425,4002.26889056856,266.81986247691304,97.6,864.0,420000.0,9.0,4,4.8483,6.181548,10.562465,0.19,2.210526315789474,489.8,20.375
NLA12_MN-163,1.268,0.107,2847.245946027242,225.32611120986076,68.16,14601.6,4.63e6,8.0,4,30.6517183319,24.168918,11.000822,1.53,3.026143790849673,317.1,22.4666666666667
NLA12_MN-167,1.58,0.172,7189.687297777878,2232.63019156472,48.8,21427.2,1.684e7,9.0,4,6.7761,7.012884,4.861203,4.47,3.767337807606264,786.0,
NLA12_MN-170,0.396,0.032,353.41360985836644,1.7185303779824774,5.512,2505.6,3.99e6,5.0,2,3.50892456207,69.29982,6.9505,0.77,5.181818181818182,1593.7,20.9
NLA12_MN-180,1.401,0.04,2484.65545572976,21.267140331184066,18.32,1987.2,4.78e6,8.0,3,5.8149,23.0924,1.810866,1.21,3.950413223140496,2404.3,22.6133333333333
NLA12_MN-181,0.941,0.049,916.9715329958682,88.22992429879906,2.592,2246.4,1.84e6,5.0,2,2.043,64.14097,4.537445,0.46,4.0,821.2,21.8
NLA12_MO-102,0.803,0.048,3194.8909371111217,814.015461540056,34.88,1.7420832e6,8.018e8,8.0,4,1634.26131863,38.643836,0.766159,30.58,26.219751471550033,460.3,21.8
NLA12_MO-103,0.689,0.034,4105.697587331813,425.53649120707564,17.12,346377.60000000003,3.041e8,9.0,3,543.201173918,9.676366,1.961882,24.66,12.331711273317113,877.9,
NLA12_MO-104,0.246,0.025,1416.019433501751,275.9870966360149,2.136,4752.0,1.87e6,8.0,2,5.22191769105,58.294574,2.773471,0.5,3.74,392.9,26.8666666666667
NLA12_MO-105,0.476,0.042,1198.4190423549594,181.48601216660546,20.0,29030.4,1.09e7,8.0,3,39.4123485992,51.126893,0.333387,1.06,10.283018867924529,375.5,25.4
NLA12_MO-107,0.985,0.2,8007.9230981055,688.1638310255731,65.2,9072.0,580000.0,8.0,4,2.898,18.447205,57.670807,0.34,1.7058823529411764,64.0,26.5
NLA12_MO-108,0.3,0.02,2141.883638406672,514.4384966287653,2.192,13046.4,590000.0,8.0,2,4.28368103943,34.06086,0.69255,0.2,2.95,45.1,29.3
NLA12_MO-109,1.068,0.067,8054.957797246332,920.5624132957664,29.4,11318.4,1.34e6,9.0,3,16.6944684128,19.402985,0.975268,0.35,3.8285714285714287,118.0,26.6333333333333
NLA12_MO-110,0.354,0.029,2345.6003988688626,337.11423511315127,6.656,4233.6,1.44e6,8.0,2,4.13598691406,75.826806,1.022628,0.29,4.9655172413793105,339.7,25.9333333333333
NLA12_MO-115,0.674,0.05,3043.6854220994255,258.8050029824256,18.08,1728.0,510000.0,9.0,3,2.3697,9.304975,0.455754,0.17,3.0,298.0,29.0
NLA12_MS-101,1.041,0.124,1004.9257054125096,25.97049165839071,49.6,1209.6000000000001,1.91e6,8.0,4,25.2738,28.163949,21.604587,0.66,2.8939393939393936,1580.3,30.635
NLA12_MS-102,0.521,0.036,1297.641126863532,366.77448683069184,0.0,4752.0,1.43e6,8.0,1,3.35355023803,85.354078,0.992489,0.34,4.205882352941176,300.7,27.86
NLA12_MS-104,1.316,0.129,3978.3086354177285,-220.1755836759487,34.08,8121.6,1.45e6,8.0,4,2.6442,0.306331,43.975494,0.56,2.589285714285714,179.1,28.62
NLA12_MS-105,0.296,0.021,1659.742281594927,412.19118695121495,9.696,27820.8,7.96e6,8.0,3,11.5083,36.55275,0.758583,1.87,4.256684491978609,286.0,30.1
NLA12_MS-106,0.439,0.033,1459.5243348941885,59.300713877927144,25.76,9.079084799999999e6,3.7202e9,8.0,3,3922.06547659,43.858011,7.591411,118.58,31.37291280148423,409.8,
NLA12_MS-107,0.554,0.212,2262.038437011051,71.99739880319737,25.6,5.8235328e6,1.7069e9,8.0,3,2594.46905873,24.985578,7.626823,39.42,43.30035514967021,293.1,24.8933333333333
NLA12_MS-113,0.27,0.02,1516.2468171814123,58.17900177610693,3.552,8553.6,2.54e6,8.0,2,4.2795,51.209253,1.303891,0.56,4.535714285714286,296.7,31.12
NLA12_MS-116,0.396,0.022,1201.9536696989708,13.490827114256629,3.944,1987.2,670000.0,8.0,2,1.1664,48.533951,0.385802,0.17,3.941176470588235,335.4,31.7633333333333
NLA12_MT-102,0.168,0.021,340.33757240952247,18.359050064725867,0.884571429,22464.0,1.06e7,6.0,1,76.4995568596,66.918054,1.851874,1.25,8.48,471.8,20.8142857142857
NLA12_MT-103,1.599,0.339,498.84525317432895,83.03051126937743,3.296,7948.8,1.65e6,9.0,2,91.4247794483,0.004922,0.527657,0.61,2.7049180327868854,208.1,17.225
NLA12_MT-104,0.216,0.029,195.83623941356336,20.698657724972275,0.637333333,104457.6,4.91e7,9.0,1,278.155617188,19.163154,0.641986,5.47,8.976234003656307,470.0,13.4
NLA12_MT-105,0.083,0.02,167.83202820380828,1.8078827220874603,1.014,148694.4,5.03e6,6.0,1,124.038061108,21.119373,0.060212,0.71,7.084507042253521,33.8,16.475
NLA12_MT-106,0.166,0.011,1022.1588770174195,152.7550235739929,0.464,4147.2,5.76e7,9.0,1,14.1111,0.0,3.34205,6.02,9.56810631229236,13888.9,21.3333333333333
NLA12_MT-107,1.62,0.042,1167.3334206584227,140.01487194284672,6.616,1641.6,1.25e6,9.0,2,22.5390026527,51.49373,0.087867,0.36,3.4722222222222223,760.1,21.225
NLA12_MT-108,2.068,1.344,212.43248185840503,5.994869534468705,8.56,1209.6000000000001,440000.0,9.0,3,14.2182,0.0,5.399418,0.17,2.5882352941176467,367.0,21.9
NLA12_MT-109,0.574,0.043,73.53412274061805,-1.0922751215643416,5.237333333,4752.0,9.77e7,9.0,2,92.064897369,0.0,0.908202,14.01,6.973590292648109,20559.8,17.66
NLA12_MT-111,0.069,0.016,364.3294502754433,18.347445930001808,1.134,379382.4,4.5533e8,6.0,1,310.053062611,77.56878,2.60579,13.06,34.864471669218986,1200.2,16.2
NLA12_MT-113,0.098,0.017,1018.2054946892737,152.75502357408251,0.60020141,189475.2,5.68e6,9.0,1,5.70246622353,0.0,8.854167,1.68,3.380952380952381,30.0,12.9
NLA12_MT-118,1.453,1.378,56.598641060687555,-1.0922751215646613,13.28,432.0,2.0899999999999998e6,9.0,3,128.457,0.014713,0.432985,0.5,4.17999999999998,4848.0,17.285
NLA12_MT-124,0.041,0.016,138.9961085818681,-14.54439037695459,0.742,31104.0,2.45e7,6.0,1,78.7424974331,79.853928,0.0,1.23,19.91869918699187,787.7,17.65
NLA12_MT-126,3.195,0.355,923.0231975147169,132.49639285987078,1.572,2246.4,630000.0,9.0,1,19.7451,0.031907,0.186882,0.18,3.5,282.4,21.225
NLA12_MT-136,0.113,0.01,371.75142174566133,16.363585146497197,0.684,165542.4,1.7556e8,6.0,1,139.98621618,45.834003,0.004501,6.89,25.480406386066765,1060.5,16.9333333333333
NLA12_MT-140,0.029,0.008,427.21718856602075,30.055957293678542,0.338,604.8000000000001,1.4e6,6.0,1,0.994708863831,57.36224,0.0,0.16,8.75,2316.9,15.925
NLA12_MT-143,1.314,0.029,199.60198319090523,32.637181345924276,0.63,864.0,740000.0,9.0,1,1.9593,0.0,0.643087,0.27,2.7407407407407405,857.6,19.45
NLA12_MT-144,0.601,0.091,-157.43842552372735,-36.78697623715243,5.0,1555.1999999999998,3.69e6,9.0,2,26.59715056,4.257047,1.81043,0.97,3.804123711340206,2373.6,18.175
NLA12_MT-154,13.413,3.436,874.4169293179887,121.72129959539353,35.77142857,36633.6,1.81e6,9.0,4,6.9957,0.0,1.762511,0.6,3.016666666666667,49.4,16.07
NLA12_MT-156,0.16,0.028,-38.13970833085966,-27.290810884424115,1.346666667,94348.8,1.75e7,9.0,1,186.822005497,45.801336,0.175848,0.73,23.972602739726028,185.5,20.0666666666667
NLA12_MT-160,0.93,0.074,369.058937796708,55.832819411584815,30.312,94435.2,1.85e6,9.0,4,84.0788313595,4.392699,0.050319,0.68,2.7205882352941178,19.5,21.1666666666667
NLA12_MT-161,0.604,0.065,350.52627993602266,28.792154399819154,5.32,7257.6,5.61e6,9.0,2,19.2042,0.0,0.215578,2.04,2.75,773.4,19.3
NLA12_MT-162,0.083,0.008,559.9173358343114,119.70814339184996,1.624,18230.399999999998,2.0499999999999998e6,6.0,1,20.0596019554,10.08705,0.0,0.25,8.19999999999996,112.6,12.0433333333333
NLA12_MT-164,0.901,0.01,296.8002152852097,18.359050064744046,1.782,31449.6,5.3e6,6.0,1,9.1458,56.406219,0.236174,0.82,6.463414634146342,168.4,19.2142857142857
NLA12_MT-177,1.353,0.046,328.54215103112665,28.79215439983315,2.197333333,3628.8,400000.0,9.0,2,43.3353558231,0.17444,0.612618,0.15,2.666666666666667,110.8,16.1
NLA12_NC-103,0.114,0.011,3295.114784453662,1052.8962285347889,3.12,28512.0,2.14e6,8.0,2,32.9008744995,50.456759,8.383021,0.57,3.754385964912281,75.1,25.7
NLA12_NC-104,0.65,0.036,2003.6109655477485,446.8734675324208,7.52,151891.2,6.68e6,8.0,3,11.3492902588,0.578952,64.136728,3.72,1.7956989247311825,44.0,
NLA12_NC-105,0.041,0.015,649.9528732210671,58.32305453792807,0.864,576633.6,1.554e8,8.0,1,235.72135838,94.565093,0.083996,4.94,31.45748987854251,269.5,23.5333333333333
NLA12_NC-108,0.094,0.026,1210.2604904818934,244.91919743085745,2.034285714,128217.6,3.68e6,8.0,2,59.3952482758,96.290516,0.0,0.54,6.814814814814814,28.7,20.8
NLA12_NC-109,0.115,0.012,753.7837675739792,49.905878359504975,2.05,6393.599999999999,1.7e6,8.0,2,2.8521,53.613127,0.0,0.31,5.483870967741936,265.5,23.6333333333333
NLA12_NC-114,0.878,0.116,4647.445542428562,787.4804243915803,56.26666667,23846.4,440000.0,8.0,4,21.9597685181,11.688791,0.589971,0.12,3.666666666666667,18.4,25.6
NLA12_NC-127,0.294,0.019,2633.0787235682833,985.051572106656,7.725714286,4147.2,690000.0,8.0,3,5.06523262939,29.573713,3.143872,0.2,3.45,165.5,29.95
NLA12_NC-134,0.756,0.045,4407.424613768118,1002.7501551441409,25.44,520387.19999999995,5.403e7,8.0,3,410.403116437,42.259288,7.812969,8.95,6.036871508379889,103.8,27.9
NLA12_ND-101,1.553,0.414,5298.9686907242685,255.0246931150474,13.44,4838.400000000001,7.38e6,9.0,3,24.1515,1.091858,4.620831,2.44,3.0245901639344264,1524.5,21.3
NLA12_ND-102,2.75,0.254,3282.584901361919,244.50809523641055,59.2,2764.8,2.37e6,9.0,4,11.0466,0.464396,7.397752,1.57,1.5095541401273884,856.3,22.2125
NLA12_ND-103,2.085,0.088,1772.777402330123,239.51398735691401,19.15,5702.400000000001,4.81e6,9.0,3,0.6489,0.0,1.10957,2.55,1.8862745098039218,844.2,23.6666666666667
NLA12_ND-104,2.408,0.274,2405.4864016195534,336.5668052443379,41.4,5184.0,1.29e6,9.0,4,43.7301,0.347815,9.508325,0.39,3.3076923076923075,248.5,18.0
NLA12_ND-106,1.615,0.089,1660.200808752636,152.118965756909,13.2,107136.0,1.042e7,9.0,3,602.910123404,0.333634,4.6449,5.0,2.084,97.2,24.0
NLA12_ND-107,3.125,0.099,1978.8185948650248,48.97569859762109,19.48,950.4,440000.0,9.0,3,1.7757,0.0,0.0,0.2,2.2,459.1,23.95
NLA12_ND-110,1.956,0.203,2580.199789062099,370.14560275508165,6.8,10281.6,1.07e6,9.0,2,13.8654,0.376477,4.718941,0.44,2.4318181818181817,103.6,16.675
NLA12_ND-112,1.9,0.147,2185.063281184839,274.48911780793065,3.28,34041.6,4.747e7,9.0,2,277.686,0.021067,4.686913,18.39,2.581294181620446,1394.6,14.3766666666667
NLA12_ND-114,1.564,0.153,1796.888770002183,239.51398735795715,17.28,20476.8,1.716e7,9.0,3,494.308341747,0.016568,3.963266,5.36,3.2014925373134324,837.8,26.5
NLA12_ND-118,2.715,0.23,2445.5466421125675,300.1405071623765,1.76,259.2,1.51e6,9.0,1,14.5854,0.055535,3.369123,0.51,2.9607843137254903,5841.0,19.05
NLA12_ND-119,2.508,0.84,2237.5199323644065,237.016804213319,11.64,345.6,1.8e6,9.0,3,2.7171,0.0,1.954289,0.67,2.6865671641791042,5222.8,21.375
NLA12_ND-131,1.14,0.036,2247.198006225211,404.248342663615,2.917333333,986169.6,5.304e8,9.0,2,4440.12467287,0.291155,1.109646,10.41,50.951008645533136,537.8,22.9433333333333
NLA12_ND-134,2.336,0.302,1971.870151427528,48.97569859767327,24.4,172.8,4.1900000000000005e6,9.0,3,13.4321891144,0.134039,0.482541,1.87,2.2406417112299466,24249.2,25.075
NLA12_ND-139,2.668,0.131,2586.62061455009,370.14560275435537,2.732,518.4,430000.0,9.0,2,3.4767,0.750712,11.623091,0.18,2.388888888888889,822.2,15.5
NLA12_ND-149,6.2,1.254,3458.4324396217353,52.57824314141703,164.0,172.8,1.05e6,9.0,4,1.5615,0.0,2.017291,0.33,3.1818181818181817,6092.8,25.3666666666667
NLA12_ND-151,3.125,0.272,2253.6858144481685,356.60403629228597,48.96,10281.6,1.9e6,9.0,4,14.0697,0.0,3.761274,1.44,1.3194444444444444,184.7,18.3625
NLA12_ND-155,5.119,3.59,1597.1369688558977,235.24955146301542,0.708,4665.6,3.94e6,9.0,1,18.0513,0.024929,3.141048,0.84,4.690476190476191,845.3,17.2
NLA12_ND-156,3.59,0.432,3461.598780705781,52.57824314144523,78.56,86.4,2.67e6,9.0,4,6.5259,0.79989,10.274445,1.31,2.0381679389312977,30870.2,20.46
NLA12_ND-160,1.981,0.053,1770.7274023331063,239.51398735737064,7.24,950.4,1.62e6,9.0,3,2.4759,0.0,1.78117,0.44,3.6818181818181817,1705.3,24.7
NLA12_ND-162,1.958,0.088,2604.5271699422165,260.1080291428827,21.6,1814.4,930000.0,9.0,3,4.1643,0.086449,14.674736,0.39,2.3846153846153846,514.4,17.01
NLA12_ND-164,3.373,0.333,3463.509668692752,52.57824314134291,39.4893617,86.4,1.9e6,9.0,4,2.2797,0.434268,2.881958,0.58,3.2758620689655173,21947.3,25.2666666666667
NLA12_ND-167,3.775,0.322,2403.662328857767,336.5668052451497,42.576,25747.199999999997,2.04e6,9.0,4,27.954,0.106246,7.050869,0.69,2.956521739130435,79.1,21.7
NLA12_ND-172,2.713,0.317,3451.6742206591352,52.57824314139191,82.24,1036.8,5.8e6,9.0,4,58.9824,0.050354,4.931641,1.54,3.766233766233766,5598.0,24.2925
NLA12_ND-173,1.831,0.081,2456.906971201241,300.1405071612538,3.004,777.5999999999999,3.05e6,9.0,2,44.9235,0.044075,1.722929,1.56,1.955128205128205,3924.6,19.2475
NLA12_ND-178,0.95,0.051,2494.1802036397853,292.3197637175226,2.868,172.8,1.13e6,9.0,2,2.511,42.616487,5.197133,0.31,3.645161290322581,6521.0,18.1833333333333
NLA12_ND-186,1.194,0.068,883.363035548648,101.94936079475667,8.16,7257.6,2.57e6,9.0,3,70.2718584755,0.008966,3.430211,0.85,3.023529411764706,354.0,18.9
NLA12_ND-187,1.054,0.043,2572.638128957425,370.1456027546678,7.04,11577.6,2.44e6,9.0,3,7.9245,0.238501,4.667802,0.76,3.210526315789474,210.7,20.125
NLA12_ND-193,3.333,0.279,3461.575629394676,52.578243141380426,81.12,518.4,2.41e6,9.0,4,23.2344,0.697242,4.547567,0.51,4.725490196078431,4646.8,
NLA12_ND-194,5.738,0.599,1319.4586951721637,191.08100313254295,460.8,70588.79999999999,7.89e7,9.0,4,882.801006942,0.216845,3.429651,16.72,4.7188995215311005,1117.7,24.9
NLA12_ND-196,1.901,0.091,1780.9756717378737,239.51398735715668,17.17333333,10886.4,5.16e6,9.0,3,30.5415,0.014734,3.524385,1.75,2.948571428571429,474.3,24.3
NLA12_ND-199,2.515,0.061,1638.4638697378862,130.16778607269572,6.24,172.8,430000.0,9.0,2,2.43,0.0,9.148149,0.18,2.388888888888889,2489.4,20.72
NLA12_NE-102,7.75,0.498,77.10444440782328,43.80987127000584,182.6666667,432.0,370000.0,9.0,4,2.1897,0.0,10.727497,0.22,1.6818181818181819,866.2,19.15
NLA12_NE-103,1.058,0.31,4058.5531393869196,790.3071076034638,32.26666667,58838.4,2.016e8,9.0,4,1709.23078212,0.164125,0.94099,4.96,40.64516129032258,3426.3,26.725
NLA12_NE-104,2.304,0.237,2349.63909760374,525.669750923812,157.86,434073.6,960000.0,9.0,4,1277.00594598,0.43112,2.91529,0.3,3.2,2.2,26.775
NLA12_NE-105,3.663,0.45,77.11436784106854,43.8098712698871,48.467,345.6,1.2e6,9.0,4,8.2971,0.0,9.664822,0.37,3.243243243243243,3463.1,20.0
NLA12_NE-106,1.905,0.144,6265.868438513072,591.9805261989372,98.66666667,9504.0,860000.0,9.0,4,20.3225407059,6.695302,0.115131,0.28,3.071428571428571,90.6,29.6
NLA12_NE-107,4.45,0.277,869.001915966312,267.3893110342485,28.0,1382.4,2.47e6,9.0,3,27.1512,0.0,15.602625,1.22,2.0245901639344264,1788.6,24.15
NLA12_NE-108,6.225,0.673,74.89617725948392,43.80987126989447,269.3333333,1987.2,1.098e7,9.0,4,14.8275,0.042489,0.649469,1.98,5.545454545454546,5527.8,18.65
NLA12_NE-109,0.723,0.059,3384.365874109573,715.8025185355308,12.01333333,5616.0,2.4e7,9.0,3,27.4563,0.173731,1.547186,6.08,3.9473684210526314,4273.5,26.1
NLA12_NE-110,4.163,1.399,6213.961604973908,672.2176214256226,257.6,8985.6,320000.0,9.0,4,18.2535356003,1.445058,0.093707,0.14,2.2857142857142856,35.4,28.025
NLA12_NE-111,0.838,0.14,5710.498417307395,1209.1274738022566,7.428571429,345.6,2.78e6,9.0,3,7.8723,0.0,1.223277,0.88,3.159090909090909,8037.8,23.0
NLA12_NE-114,0.33,0.241,4463.62348620178,738.4471638005215,5.82,26438.399999999998,1.143e8,9.0,2,104.876079648,0.762121,0.290086,8.56,13.352803738317755,4323.3,27.0
NLA12_NE-121,8.475,0.374,76.74844492743364,43.80987126987425,218.6666667,8726.400000000001,2.786e7,9.0,4,26.6787,1.062645,11.419222,10.35,2.6917874396135266,3192.3,22.375
NLA12_NE-125,9.088,0.455,77.30296598328664,43.80987126975075,212.0,345.6,370000.0,9.0,4,1.5354,0.0,10.609613,0.21,1.7619047619047619,1080.4,20.3
NLA12_NE-127,17.4,0.566,719.301474924908,147.13097759292285,19.73333333,86.4,2.84e6,9.0,3,213.0606,0.002957,5.318628,0.87,3.264367816091954,32868.4,21.5
NLA12_NE-154,3.513,0.873,5588.053551127028,479.9165316711807,114.9333333,10713.6,1.49e6,9.0,4,20.5862400742,8.039344,0.209836,0.39,3.8205128205128207,138.9,22.5
NLA12_NE-156,12.875,1.156,52.55619019137964,43.809871269952374,424.0,518.4,1.27e6,9.0,4,1.2555,0.430108,0.071685,0.42,3.0238095238095237,2451.8,22.5
NLA12_NE-157,0.691,0.047,6934.020369516113,695.682671794126,15.76,2505.6,490000.0,9.0,3,2.0529,0.0,0.219202,0.28,1.7499999999999998,196.0,24.2
NLA12_NE-158,2.396,0.697,6203.528840562852,672.217621426089,5.48,15552.0,420000.0,9.0,2,32.5958623901,1.059895,0.055203,0.17,2.4705882352941178,26.7,23.95
NLA12_NE-170,4.025,0.319,5752.021037555606,433.74781093675756,248.76,18835.2,1.66e6,9.0,4,38.6957703873,9.591144,0.551188,0.6,2.766666666666667,88.1,24.9
NLA12_NH-102,0.388,0.02,321.9645721576946,-14.922656576172928,5.408,6652.8,570000.0,5.0,2,5.29828824463,89.175871,5.335599,0.13,4.384615384615384,86.0,23.0925
NLA12_NH-103,0.133,0.006,672.2064657888702,52.21062117317002,1.74,2.0942496e6,4.1e7,5.0,1,1102.68269907,61.665596,3.793815,16.84,2.4346793349168645,19.6,21.9
NLA12_NH-104,0.225,0.018,743.6883633764924,30.182445659887915,3.948,131155.2,1.789e7,5.0,2,74.4135366577,85.594214,4.3585,2.42,7.392561983471074,136.4,20.45
NLA12_NH-105,0.414,0.027,871.7233962449868,64.91081814151102,3.8,19180.8,2.59e6,5.0,2,12.7208003357,79.336211,8.123982,0.6,4.316666666666667,135.1,23.3
NLA12_NH-108,0.266,0.027,766.4682983968632,62.72099691297993,3.368,64454.4,1.55e6,5.0,2,29.895441394,60.755035,2.920192,0.32,4.84375,24.0,21.3
NLA12_NH-109,0.125,0.007,845.7013836907736,64.91081814126886,0.6112,25574.399999999998,4.731e7,5.0,1,4.08500419922,81.656022,0.924907,3.47,13.63400576368876,1849.8,25.4
NLA12_NH-111,0.239,0.013,973.8149838720205,105.8803172783961,3.48,697248.0,1.37e6,8.0,2,302.27507243,71.672964,4.390893,0.3,4.566666666666667,2.0,27.7
NLA12_NH-115,0.248,0.012,479.1310455694311,25.71463746741214,1.984,1555.1999999999998,320000.0,5.0,1,1.044,65.517241,15.258621,0.13,2.4615384615384617,204.5,26.95
NLA12_NJ-101,0.593,0.049,1765.240218257163,104.7743324606234,19.08571429,23241.600000000002,950000.0,5.0,3,7.64282043457,59.40664,4.179421,0.25,3.8,40.8,24.5142857142857
NLA12_NJ-102,0.828,0.158,3942.692873835239,530.0001336080361,27.9,9763.2,4.56e6,5.0,3,4.64024836121,42.68813,7.350659,0.8,5.7,467.4,28.275
NLA12_NJ-103,0.965,0.057,16397.13267854947,2972.0591716457707,35.76,20822.399999999998,1.07e6,8.0,4,12.0551101776,18.390033,1.357804,0.2,5.35,51.2,
NLA12_NJ-104,0.399,0.039,3316.007240462437,372.4863806965755,21.64,91411.20000000001,540000.0,8.0,3,78.7613466797,40.841094,23.943775,0.21,2.571428571428571,6.0,26.8333333333333
NLA12_NJ-131,0.313,0.007,2832.5650926831113,334.40548632619175,2.901333333,4492.8,180000.0,8.0,2,13.0289703003,76.181266,6.293175,0.1,1.8,40.2,26.85
NLA12_NM-104,0.18,0.03,-59.73053943267047,-68.77085951586446,4.52,1814.4,1.87e6,10.0,2,254.80818571,83.393081,0.035672,0.26,7.192307692307692,1029.0,20.3
NLA12_NM-105,1.348,0.077,-568.9363882744863,-126.79883401458564,8.586666667,518.4,1.119e7,9.0,3,20.9280028519,0.632149,0.0,3.08,3.6331168831168834,21592.9,15.125
NLA12_NM-117,1.129,0.025,-260.2308840282145,-92.85244999406564,4.658333333,0.0,1.23e6,6.0,2,0.9333,57.377049,0.0,0.24,5.125,-1.0,17.0
NLA12_NM-132,1.231,0.231,-337.7726242169304,-92.8524499945817,23.521,518.4,1.71e6,6.0,3,124.777215349,12.938036,1.341701,0.37,4.621621621621622,3306.5,15.4
NLA12_NM-134,0.129,0.017,-103.21615448450257,-133.66360919473985,1.83,259.2,2.5e6,10.0,1,6.71304598846,0.0,0.482444,0.62,4.032258064516129,9629.8,20.9333333333333
NLA12_NM-138,0.305,0.152,-173.77600980538148,-139.38186325513956,1.915,1641.6,540000.0,12.0,1,54.7340635712,81.259762,0.037816,0.13,4.153846153846153,331.6,16.7
NLA12_NM-152,1.511,0.256,-336.1825209509119,-79.9414956558107,12.88,86.4,860000.0,9.0,3,7.3071,0.739007,1.108511,0.3,2.866666666666667,9902.2,17.2666666666667
NLA12_NM-160,0.611,0.214,-501.09132469255957,-126.79883401455015,3.28,345.6,2.9e7,9.0,2,63.9801084045,53.182093,0.682128,3.85,7.532467532467532,83912.0,19.5033333333333
NLA12_NM-162,0.626,0.056,-65.11798342375039,-48.87325215383042,1.93,6220.799999999999,600000.0,6.0,1,17.1063008514,15.100494,0.24729,0.14,4.285714285714286,95.7,20.8666666666667
NLA12_NV-101,1.061,0.437,233.2228500032533,21.222779985159754,6.528,23155.2,6.5e6,10.0,2,185.326911193,0.08692,0.199576,2.12,3.0660377358490565,280.6,12.3666666666667
NLA12_NV-103,0.463,0.027,170.79692763716994,1.4794610185961623,0.334,210816.0,1.25e6,10.0,1,558.143080702,7.339043,0.189955,0.5,2.5,5.9,21.775
NLA12_NV-105,0.389,0.246,82.47937333479965,22.698765854314015,4.305882353,52099.2,1.273e7,10.0,2,302.32866594,0.991632,0.399511,1.98,6.429292929292929,244.4,22.9
NLA12_NV-106,0.588,0.173,286.0258828185557,7.651293653614086,3.84,518.4,390000.0,10.0,2,4.5504,0.0,2.610759,0.37,1.054054054054054,759.3,18.05
NLA12_NV-127,0.573,0.043,84.3411331036308,22.69876585438866,1.815,259.2,970000.0,10.0,1,1.80218122215,1.396509,6.832917,0.22,4.409090909090909,3759.4,13.9
NLA12_NV-137,0.351,0.23,236.17286716690023,40.66395329706774,4.288,41385.6,4.5e6,10.0,2,257.074389727,0.112028,0.047261,0.65,6.923076923076923,108.7,21.0
NLA12_NV-177,0.415,0.088,246.41418587656375,19.50343856673085,1.771428571,1382.4,2.0299999999999998e6,10.0,1,7.92699731598,12.779481,1.577574,0.32,6.343749999999968,1466.8,
NLA12_NV-193,0.445,0.021,752.175913815817,104.30422465720646,2.064,2505.6,3.14e6,6.0,2,3.27929676533,78.22736,0.385356,0.48,6.541666666666667,1254.3,16.7
NLA12_NY-0101,0.218,0.01,1611.7924589774655,-43.167425643962645,0.912727273,507081.6,2.035e8,8.0,1,456.50887446,42.189053,2.045053,46.32,4.393350604490501,401.3,21.0216666666667
NLA12_NY-0102,0.396,0.016,393.4473511725965,-3.823620103774495,1.171428571,1.8739296e6,3.4562e8,5.0,1,1015.14055542,74.294322,14.741342,15.62,22.126760563380284,184.4,18.6
NLA12_NY-0103,0.111,0.004,1393.0539997271042,79.71386810172821,1.28,11664.0,3.09e6,5.0,1,6.29652095947,84.867105,3.729637,0.58,5.327586206896552,264.7,18.75
NLA12_NY-0106,0.248,0.014,591.094237973907,-53.25908236810162,1.844,259.2,620000.0,5.0,1,0.730633007811,69.77887,7.248157,0.12,5.166666666666667,2388.8,24.5333333333333
NLA12_OH-101,1.326,0.159,4500.640730292463,-26.787965445219015,74.56,925776.0,1.628e8,8.0,4,998.590593095,14.68225,0.382322,3.56,45.73033707865168,175.9,25.22
NLA12_OH-102,2.129,0.572,5906.464356728642,538.0244432020454,81.6,254448.0,4.1500000000000005e6,8.0,4,201.265345116,7.218335,0.225378,2.46,1.6869918699186992,16.3,26.9
NLA12_OH-103,0.353,0.017,1344.5695104428983,152.09321042738534,3.76,12700.8,1.56e6,8.0,2,12.4349572403,41.193922,0.0,0.29,5.379310344827587,122.7,27.6333333333333
NLA12_OH-104,1.226,0.088,4657.73340006673,114.66953698388886,53.92,36892.799999999996,2.0099999999999998e6,8.0,4,35.5389380447,18.875186,0.536832,0.63,3.1904761904761743,54.5,24.21
NLA12_OH-105,1.36,0.138,4157.213297207027,3.986852463692003,111.2,312249.6,8.62e7,8.0,4,270.591470274,8.86446,0.901713,17.55,4.911680911680912,276.1,20.125
NLA12_OH-107,1.949,0.128,2234.915925091653,106.00692222376318,105.984,60825.6,2.656e7,8.0,4,33.4796988785,33.178299,3.634799,3.92,6.775510204081633,436.7,23.715
NLA12_OH-112,0.52,0.026,5400.466472495661,167.3858723160174,8.587,864.0,880000.0,8.0,3,0.693,5.714286,0.909091,0.4,2.2,1020.7,25.6966666666667
NLA12_OH-115,0.234,0.009,2939.2772468520843,151.07633603564733,3.188,4838.400000000001,2.32e6,8.0,2,6.77345071564,65.590541,0.0,0.37,6.27027027027027,478.8,25.0
NLA12_OH-118,0.149,0.005,4907.041415480425,248.70313833388144,1.22,6220.799999999999,880000.0,8.0,1,2.9835,5.942685,0.542986,1.01,0.8712871287128712,141.2,25.5714285714286
NLA12_OH-127,0.208,0.008,1378.410367262669,136.08177912694288,1.712,3628.8,2.83e6,8.0,1,8.1117,65.693998,0.0,0.55,5.145454545454545,780.8,28.9666666666667
NLA12_OH-134,1.395,0.289,5134.611500085614,251.84548764231556,77.44,22377.600000000002,270000.0,8.0,4,18.7568578537,15.228865,0.28788,0.12,2.25,12.2,27.425
NLA12_OH-136,2.745,0.185,3263.0137361552556,177.43429600865704,204.48,196905.6,1.18e6,8.0,4,2.39630976562,36.291839,8.236179,0.32,3.6875,6.0,27.77
NLA12_OH-137,0.845,0.041,4524.256760586616,720.4360270312795,36.25714286,176774.4,1.23e6,8.0,4,2.844,0.348101,0.158228,0.33,3.727272727272727,6.9,27.1733333333333
NLA12_OK-101,1.2,0.048,908.6269738059442,179.81982919172137,15.5,17452.800000000003,5.06e7,9.0,3,30.6816475067,17.777321,0.0,4.45,11.370786516853933,2899.2,30.232
NLA12_OK-102,2.12,0.128,2323.688768485109,249.16464469817677,40.5,107395.20000000001,8.95e7,9.0,4,796.944961972,3.54412,0.057934,14.41,6.210964607911173,833.4,26.1666666666667
NLA12_OK-104,0.56,0.005,729.2654990290946,175.26333425662258,4.28,561945.6,4.0e8,9.0,2,913.12820126,32.403623,0.001084,34.98,11.435105774728417,711.8,27.2666666666667
NLA12_OK-106,0.97,0.071,1996.9167052525263,531.9802295161885,26.8,837820.7999999999,4.734e8,9.0,3,32904.5357115,0.779712,0.173238,27.29,17.347013558079883,565.0,27.7333333333333
NLA12_OK-107,0.62,0.005,5840.130209332139,2473.2720059794055,10.3,3.1675104e6,1.5182e9,8.0,3,4141.35970779,42.712563,0.563944,48.77,31.129792905474673,479.3,28.8333333333333
NLA12_OK-108,0.56,0.005,965.4192161135018,253.2962525146049,4.56,34905.600000000006,3.2299999999999996e7,9.0,2,52.9043029541,41.199088,0.0,2.51,12.868525896414305,925.4,26.7666666666667
NLA12_OK-109,0.69,0.03,694.6976995303935,175.2633342567495,6.77,82598.4,4.42e7,9.0,2,121.966628879,3.075834,0.0,2.9,15.24137931034483,535.1,26.6
NLA12_OK-117,3.28,0.49,2867.3289372212266,224.57808440991332,109.0,3542.4,320000.0,9.0,4,15.3271103851,0.0,0.0,0.18,1.7777777777777777,89.3,28.4
NLA12_OK-118,1.71,0.19,2516.510878028278,130.11654802793166,0.65,22464.0,1.27e6,9.0,1,150.930457278,2.326192,0.142517,1.15,1.1043478260869566,56.5,22.525
NLA12_OK-119,1.18,0.017,1292.3044739011548,208.64863770348916,38.8,16416.0,2.81e6,9.0,4,44.7416653931,15.048075,0.0,1.43,1.9650349650349652,171.2,29.9
NLA12_OK-120,0.65,0.03,717.4260471045379,175.2633342571479,11.4,25056.0,5.22e6,9.0,3,35.3460457947,40.058063,0.0,0.91,5.736263736263736,208.4,27.5
NLA12_OK-121,1.09,0.119,1560.1326685052873,247.8517825956429,8.68,38016.0,5.02e6,9.0,3,83.226072464,13.382353,0.0,1.48,3.391891891891892,132.0,26.6433333333333
NLA12_OK-122,1.05,0.067,1927.741630404021,145.22061329069479,15.6,2419.2000000000003,410000.0,9.0,3,9.64352930602,0.186741,0.0,0.19,2.1578947368421053,170.5,22.2666666666667
NLA12_OK-134,0.95,0.087,1064.18932119487,197.99302675432932,13.4,1.298592e6,6.761e7,9.0,3,1840.79621437,12.052474,0.068693,10.83,6.242843951985226,52.1,27.5
NLA12_OK-135,1.63,0.15,1512.9072534241336,279.93543550359044,6.41,39571.200000000004,7.4e6,9.0,2,53.0148587585,39.711724,0.0,1.83,4.043715846994536,187.1,27.4666666666667
NLA12_OK-291,1.65,0.188,1643.0658317950242,270.27394814509194,50.3,11577.6,3.45e6,8.0,4,14.7745202179,25.932245,9.846454,1.58,2.183544303797468,298.2,30.5933333333333
NLA12_OK-292,2.85,0.209,1574.1294694606106,348.879906641029,91.1,8294.4,690000.0,9.0,4,17.723371756,15.741634,0.0,0.23,3.0,82.9,29.5375
NLA12_OK-302,0.85,0.024,723.0722140301716,175.26333425708054,4.42,1382.4,450000.0,9.0,2,3.5532,15.374873,6.382979,0.14,3.214285714285714,326.0,29.8
NLA12_OR-101,0.839,0.332,55.389412844035405,-9.330627660973564,6.492957746,16243.2,6.24e6,10.0,2,84.0281746124,1.601953,2.787356,1.59,3.9245283018867925,384.3,17.275
NLA12_OR-102,1.199,0.452,41.506442240937844,-9.19600697111402,11.28,344649.6,5.36e6,10.0,3,1298.67136466,28.212405,0.361618,1.08,4.962962962962963,15.6,21.2666666666667
NLA12_OR-103,0.083,0.065,480.515325632933,40.404779807439894,0.701333333,175651.19999999998,2.494e7,6.0,1,94.4075735613,54.914188,1.41495,2.17,11.493087557603687,142.0,15.55
NLA12_OR-104,0.186,0.032,889.373376843633,91.36665492537308,2.821333333,2.007072e6,1.493e8,7.0,2,650.960076918,46.01681,4.307893,26.69,5.593855376545522,74.4,25.4325
NLA12_OR-105,0.288,0.048,645.2075497686822,79.34033930645434,3.744,354585.60000000003,9.07e7,6.0,2,426.618222504,74.243891,2.6251,5.33,17.01688555347092,255.8,23.7333333333333
NLA12_OR-106,0.016,0.062,3036.7159054572207,319.74735355502065,0.997894737,202953.6,2.16e7,6.0,1,47.39122791,77.200046,0.0,0.59,36.610169491525426,106.4,12.5333333333333
NLA12_OR-110,0.195,0.021,390.2151188937953,52.977018454752304,3.71967655,26611.2,4.5e6,6.0,2,11.7256145725,60.403715,1.772968,0.55,8.18181818181818,169.3,20.6
NLA12_OR-112,0.348,0.125,389.1942525110952,41.31742517783339,8.114285714,314928.0,7.39e7,6.0,3,1157.2429452,31.638955,0.59394,5.83,12.675814751286449,234.7,24.2
NLA12_OR-113,0.213,0.025,476.4010983202289,113.15025722448269,1.624,158889.6,4.81e7,6.0,1,165.322954856,54.817601,0.004355,2.21,21.764705882352942,302.7,23.08
NLA12_OR-128,0.17,0.023,566.6375078096428,26.638213026189604,5.323076923,224467.19999999998,5.0116e8,6.0,2,93.8439747688,80.02551,0.005754,13.77,36.395061728395056,2232.7,20.3
NLA12_OR-133,0.16,0.02,388.062649465773,52.977018454662556,1.424,120528.0,240000.0,6.0,1,0.7389,0.974421,14.616322,0.14,1.7142857142857142,2.0,17.4
NLA12_OR-145,0.181,0.012,510.24775717707473,65.92883446304533,2.711111111,8467.2,930000.0,7.0,2,2.7918,14.925854,42.327531,0.36,2.5833333333333335,109.5,20.1866666666667
NLA12_OR-154,0.578,0.288,638.7216340153461,75.28074469716805,2.392,303177.6,6.04e7,6.0,2,695.498324112,8.932213,0.449289,2.67,22.621722846441948,199.2,22.4
NLA12_OR-155,0.411,0.051,480.20494380627804,113.15025722465839,15.776,36028.799999999996,3.05e6,6.0,3,37.4746627356,12.97906,0.052829,0.64,4.765625,84.6,23.7
NLA12_OR-169,0.034,0.025,875.760688602647,91.36665492526632,0.428,1.51632e6,1.542e8,7.0,1,476.840388611,87.140336,0.012268,3.29,46.869300911854104,101.7,23.2
NLA12_PA-101,1.26,0.025,1288.4012684490883,-31.97819770665215,3.47,2.9562624e6,1.0744e9,8.0,2,2480.87020309,68.41175,0.001959,30.78,34.90578297595842,363.4,23.74
NLA12_PA-102,2.08,0.083,10230.661218869833,1199.9064286352195,42.29,19180.8,2.41e6,8.0,4,7.68103003235,23.472255,0.948256,0.59,4.084745762711864,125.4,21.5
NLA12_PA-103,0.85,0.035,699.3998406320593,-117.81573428918978,28.93,1641.6,810000.0,8.0,3,2.04901575623,60.052678,0.219491,0.17,4.764705882352941,493.5,24.9
NLA12_PA-106,0.56,0.007,1457.317591149334,111.67692126943749,4.0,441158.39999999997,1.278e8,8.0,2,248.962013086,66.237438,0.36223,3.43,37.259475218658885,289.7,26.35
NLA12_PA-107,0.96,0.041,1220.8946221898236,-167.09475917734096,5.79,39830.4,500000.0,8.0,2,25.0218162186,62.114237,0.017984,0.13,3.846153846153846,12.4,18.35
NLA12_PA-108,0.52,0.016,4240.44245769267,461.7650730321923,5.2,86745.6,9.09e6,8.0,2,15.7536,2.690814,12.899909,3.45,2.634782608695652,104.8,26.54
NLA12_PA-109,0.27,0.01,1226.912047301655,51.98996685434044,11.19,5011.2,4.92e6,5.0,3,7.64348865051,59.766867,3.179089,0.97,5.072164948453608,981.5,
NLA12_PA-110,0.8,0.077,743.3877932629939,-158.48845889550728,24.92,691.2,680000.0,8.0,3,1.44360604248,59.55196,0.808961,0.13,5.230769230769231,977.6,26.1333333333333
NLA12_PA-111,0.74,0.036,1060.500624334915,-51.18609211162145,19.22,18576.0,5.59e6,8.0,3,11.6210966446,31.807266,0.0,0.93,6.010752688172042,300.8,23.8333333333333
NLA12_PA-113,0.31,0.013,1376.9885562367015,-105.21058639838118,5.65,106617.6,2.199e7,8.0,2,69.7530056671,44.102087,4.348275,3.76,5.848404255319149,206.2,21.95
NLA12_PA-114,0.27,0.005,2002.6382138822619,229.40972897684185,2.35,3542.4,2.68e6,8.0,2,2.53191810607,37.531129,3.272857,0.53,5.056603773584905,757.6,27.15
NLA12_PA-118,0.3,0.014,2067.9880729960328,229.46883869556922,5.19,1036.8,870000.0,5.0,2,0.820048837284,18.510405,7.447973,0.24,3.625,841.7,21.0
NLA12_RI-104,0.303,0.02,4395.121092104063,768.748550041727,6.528,55641.6,4.66e6,8.0,2,19.9240489655,69.764186,10.38128,1.01,4.613861386138614,83.8,23.325
NLA12_RI-112,0.583,0.047,4406.318487523323,768.7485500433373,9.5,129686.4,3.42e6,8.0,3,57.4434154632,70.701515,8.173114,0.85,4.023529411764706,26.4,27.8
NLA12_SC-103,0.053,0.022,2040.6772950533073,288.94042514251777,1.348,93312.0,3.7e7,8.0,1,39.2637913605,94.125871,0.0,1.76,21.022727272727273,396.5,24.7166666666667
NLA12_SC-106,0.238,0.037,2038.857325521376,347.08958801255403,4.697142857,422927.99999999994,1.6e6,8.0,2,235.752291321,48.777751,2.121901,0.34,4.705882352941176,3.8,28.2333333333333
NLA12_SD-102,1.931,0.709,3755.267972320533,404.2106781536607,10.8,25401.6,2.44e7,9.0,3,432.869277612,0.325818,1.821422,2.45,9.959183673469386,960.6,23.55
NLA12_SD-103,1.891,0.067,4885.375328016107,704.1957893757046,13.7,12009.6,8.63e6,9.0,3,22.5135,0.487707,7.079752,4.26,2.0258215962441315,718.4,22.4
NLA12_SD-104,1.329,0.119,3071.1533979505502,178.8268283685626,3.112,3369.6,2.459e7,9.0,2,0.8577,0.0,1.259182,7.16,3.434357541899441,7298.7,19.4
NLA12_SD-105,1.895,0.1,2423.431844018739,451.0113338286782,42.84,3196.7999999999997,3.25e6,9.0,4,37.7163,0.023862,0.527358,1.43,2.272727272727273,1017.4,25.1
NLA12_SD-106,0.688,0.042,3944.236550626757,260.44648094456966,5.904,5875.200000000001,3.195e7,9.0,2,100.9341,1.187098,1.605176,7.94,4.023929471032745,5437.5,21.6333333333333
NLA12_SD-107,0.804,0.039,54.24266278565551,24.678322372401627,11.04,20304.0,2.52e6,6.0,3,199.157527496,78.096262,0.150029,0.42,6.0,124.0,24.1333333333333
NLA12_SD-108,1.023,0.057,2401.63047212078,451.0113338304405,9.955555556,1036.8,870000.0,9.0,3,10.6164,0.0,0.508647,0.43,2.0232558139534884,839.3,25.4
NLA12_SD-109,2.259,0.501,6983.153021204382,900.1208368569544,43.1,3542.4,770000.0,9.0,4,10.9224,0.304878,1.936388,0.23,3.3478260869565215,216.9,20.55
NLA12_SD-110,1.735,0.167,3072.719740236687,178.826828368829,16.52,4492.8,2.79e6,9.0,3,10.0836,1.401285,1.97251,1.54,1.8116883116883116,621.1,22.6666666666667
NLA12_SD-111,3.881,0.162,4037.2382005972677,446.12631233909536,90.72,950.4,1.54e6,9.0,4,2.3256,1.470588,1.741486,0.56,2.7499999999999996,1620.9,24.3
NLA12_SD-119,2.238,0.39,54.18316067324366,58.11657149869555,59.73333333,3456.0,370000.0,9.0,4,8.67115216599,0.0,0.300892,0.19,1.9473684210526314,106.1,23.4
NLA12_SD-131,3.863,0.336,5846.005245662718,995.2019348203636,148.32,518.4,500000.0,9.0,4,2.4642,0.328707,3.03141,0.21,2.380952380952381,964.3,20.95
NLA12_SD-132,1.993,0.366,162.63774687815055,79.26277982688534,33.6,2419.2000000000003,430000.0,9.0,4,10.0532946533,0.098434,1.270694,0.2,2.15,176.6,24.2766666666667
NLA12_SD-140,0.851,0.068,48.79561621487164,57.914366912926575,8.112,9849.6,2.22e6,9.0,3,55.1129330978,0.0,0.062058,0.69,3.217391304347826,225.4,20.3
NLA12_SD-141,2.535,0.039,2426.2200688759785,451.0113338304865,6.2,864.0,2.17e6,9.0,2,15.0552,0.08967,1.267336,0.72,3.013888888888889,2508.0,21.69
NLA12_SD-147,2.563,0.554,2406.4377988386577,456.12240188608735,57.0,16848.0,640000.0,9.0,4,58.8666860733,0.047397,8.583442,0.25,2.56,37.9,23.4666666666667
NLA12_SD-154,2.9,0.753,5136.556122965011,684.0690336332162,35.56923077,7084.8,1.7e6,9.0,4,212.9535,0.584916,6.296304,1.02,1.6666666666666667,240.5,21.7666666666667
NLA12_SD-157,2.42,0.084,2423.286028560494,451.01133383102604,32.508,1123.2,1.05e6,9.0,4,34.3863,0.013087,2.036276,0.45,2.3333333333333335,937.1,21.67
NLA12_SD-158,1.784,0.61,6493.498523748298,754.3413158611744,17.28,1382.4,3.33e6,9.0,3,18.8798570755,1.32564,17.5242,0.88,3.784090909090909,2410.4,28.6
NLA12_SD-162,2.353,0.815,5855.267563153342,640.5781504495128,85.44,138067.2,1.074e7,9.0,4,478.342315654,0.580644,3.069924,3.06,3.5098039215686274,77.8,24.6
NLA12_SD-168,1.758,0.293,403.3083901979429,116.50128413972811,16.88,58406.4,900000.0,9.0,3,299.885131,0.066024,0.646433,0.34,2.6470588235294117,15.5,20.8
NLA12_SD-182,0.913,0.035,4030.627898400424,446.1263123378006,1.92,3628.8,1.7e6,9.0,1,12.3039,2.860069,0.160925,0.53,3.2075471698113205,468.7,
NLA12_SD-189,2.4,0.147,4384.592715913122,727.7179979931711,38.736,29030.4,6.7e6,9.0,4,259.511847514,0.042311,0.510162,3.88,1.7268041237113403,230.9,26.2
NLA12_SD-198,2.133,0.419,6448.373834200511,718.3086709651627,1.914,45446.4,5.8e6,9.0,1,911.815438115,0.804448,6.674945,2.78,2.086330935251799,127.6,24.6
NLA12_TN-104,0.26,0.013,1945.1808778689133,330.0748801408684,5.112,3.0222719999999995e6,9.424e8,8.0,2,1821.10810806,62.683926,0.082038,22.37,42.12784979883773,311.8,24.0666666666667
NLA12_TN-108,1.794,0.628,2343.0842472900163,293.2904057017236,69.6,7776.0,1.15e6,8.0,4,1.3155674469,16.005472,1.094391,0.32,3.59375,147.6,27.4583333333333
NLA12_TN-122,0.51,0.048,2018.763050384086,156.2808940592746,19.04,8380.800000000001,810000.0,8.0,3,3.31058388977,82.295349,0.870275,0.2,4.05,96.8,26.12
NLA12_TX-101,1.014,0.181,3190.4210204279298,536.2493358251785,48.4,8121.6,240000.0,9.0,4,12.6523300232,7.632665,0.277422,0.1,2.4,29.4,27.95
NLA12_TX-105,0.59,0.035,2224.7490470055845,306.8223877936157,37.28,1.6903296e6,3.2466e8,8.0,4,2169.13205014,23.162973,12.476723,47.09,6.894457421957952,192.1,31.2
NLA12_TX-111,1.589,0.028,290.63753556260906,-10.594799694600482,12.704,3283.2,1.95e6,9.0,3,67.3689729172,0.915164,0.104208,0.48,4.0625,595.0,28.6
NLA12_TX-114,0.601,0.095,7123.435702647256,1125.421664425928,57.0,139190.4,4.86e7,9.0,4,258.179876614,2.740623,0.246802,3.9,12.461538461538462,349.2,29.9666666666667
NLA12_TX-118,1.199,0.086,2346.7270974178978,469.53807144603184,25.4,147225.6,1.06e6,9.0,3,1.2105,0.0,30.334572,0.71,1.4929577464788732,7.2,30.45
NLA12_TX-121,1.264,0.204,1706.9301324848927,446.5789883482103,40.8,60479.99999999999,8.74e7,8.0,4,93.8310761261,23.138236,22.421732,7.94,11.007556675062972,1445.1,32.2
NLA12_TX-124,0.596,0.025,249.02649750802948,45.51344692754547,12.08,328147.2,8.881e8,9.0,3,2814.45411379,9.131524,0.100698,43.15,20.581691772885286,2706.4,29.3
NLA12_TX-128,0.529,0.056,2178.0364553427003,329.66919201943455,5.52,5356.8,660000.0,9.0,2,14.016430481,6.828109,0.0,0.21,3.1428571428571432,123.7,28.8
NLA12_TX-137,0.59,0.03,1873.9408486547559,303.36052670951926,2.436,83116.8,6.92e7,8.0,2,102.622057526,40.712419,6.3902,4.12,16.79611650485437,832.6,29.8333333333333
NLA12_TX-141,0.445,0.03,7263.971006906612,3780.5428985245517,7.064,32832.0,1.143e7,8.0,3,36.3177568268,42.69855,18.87994,1.82,6.28021978021978,348.1,30.2
NLA12_TX-144,0.47,0.03,1001.1895777063114,138.43928602497087,6.848,2160.0,570000.0,9.0,2,9.79979287719,44.255671,1.643861,0.15,3.8,262.8,27.4333333333333
NLA12_TX-148,0.595,0.064,427.36384220096215,94.06462135369418,5.64,777.5999999999999,300000.0,9.0,2,2.23316998902,0.0,0.0,0.13,2.3076923076923075,379.9,31.125
NLA12_TX-152,5.913,0.486,652.1887378220501,-10.161861614915694,373.3333333,3369.6,4.441e8,9.0,4,3174.84036645,0.163086,0.168924,39.22,11.323304436511984,131796.1,29.125
NLA12_TX-160,0.899,0.079,8340.059753890346,1386.7806974410178,60.48,3.1305311999999997e6,450000.0,9.0,4,0.3645,1.975309,3.950617,0.23,1.9565217391304348,0.1,29.3666666666667
NLA12_TX-165,0.436,0.026,2067.3138818412017,225.4121471984911,7.9,393897.60000000003,5.647e8,8.0,3,459.670641998,36.549278,1.864683,21.36,26.437265917602996,1433.6,28.3333333333333
NLA12_TX-169,4.065,0.054,1953.3418681994333,595.4052452014652,1.245333333,22723.2,730000.0,8.0,1,6.7088642212,52.125519,4.331501,0.24,3.041666666666667,32.0,30.1666666666667
NLA12_TX-170,1.223,0.084,2359.6318273514858,821.322074512288,51.2,2160.0,390000.0,8.0,4,2.83483383178,5.945946,5.691574,0.19,2.052631578947368,178.9,29.2
NLA12_TX-205,1.013,0.017,2396.4402876743115,469.5380714454502,7.466666667,9590.4,1.73e6,9.0,3,5.859,2.626729,35.053764,0.74,2.3378378378378377,180.6,24.825
NLA12_TX-218,1.753,0.122,1871.8862134638277,262.76121530947694,98.0,22809.600000000002,5.0e6,9.0,4,43.4575170044,32.788819,0.0,1.77,2.824858757062147,219.4,27.3666666666667
NLA12_UT-101,0.156,0.015,336.9511724172398,9.98477126369903,3.586666667,1382.4,1.289e7,6.0,2,16.4403,71.71402,0.0,1.1,11.718181818181817,9321.4,15.07375
NLA12_UT-103,0.189,0.023,1690.698892264741,263.25918287400276,6.353333333,88559.99999999999,1.79e7,6.0,2,169.312364793,65.996172,0.0101,0.51,35.09803921568628,202.1,12.4666666666667
NLA12_UT-104,0.259,0.065,1242.3874061837193,306.28659630169636,2.0,81993.59999999999,2.446e8,10.0,1,127.7325,7.091069,7.715343,39.39,6.209697892866209,2983.2,18.505
NLA12_UT-108,0.44,0.08,774.0704602766725,102.37214589315477,6.0,10540.8,6.08e6,6.0,2,174.674805359,56.797197,0.30709,1.6,3.8,577.0,14.4566666666667
NLA12_UT-109,1.855,0.096,-95.30391896584774,-64.53453172141589,33.6,30239.999999999996,1.63e6,10.0,4,189.761364116,44.095799,0.775558,0.32,5.09375,53.8,15.7
NLA12_UT-160,0.225,0.03,303.5912747318601,41.5655128575107,0.704,14688.000000000002,930000.0,10.0,1,74.5549430809,9.959198,0.09416,0.21,4.428571428571429,63.2,17.9
NLA12_UT-169,0.211,0.023,2044.8441459428388,805.7537813764258,1.56,0.0,1.36e6,6.0,1,1.43710082474,29.080675,0.0,0.28,4.857142857142857,-1.0,22.5
NLA12_UT-173,0.163,0.036,578.5628812888646,74.5559458516924,2.392,168912.0,1.85e7,10.0,2,799.542595991,53.658095,0.417723,0.69,26.811594202898554,109.5,21.685
NLA12_UT-196,0.266,0.017,2177.3282746702325,805.7537813749194,1.34,10368.0,1.04e6,6.0,1,39.6434703873,47.441777,0.174785,0.28,3.714285714285714,100.6,18.95
NLA12_UT-210,0.283,0.051,752.8325619231017,102.37214589322315,2.72,4492.8,330000.0,6.0,2,21.5236196686,59.352789,0.242495,0.1,3.3,73.7,20.9066666666667
NLA12_UT-229,0.424,0.037,25.007573426976364,-39.28904873160997,3.516,0.0,1.18e6,6.0,2,0.770904670719,51.051402,2.453271,0.31,3.8064516129032255,-1.0,15.0
NLA12_UT-324,0.22,0.019,411.7726334736566,32.693111013084206,1.850666667,950.4,2.0e6,6.0,1,5.16547484665,65.604874,0.330722,0.37,5.405405405405406,2099.2,13.07
NLA12_UT-325,0.31,0.031,374.3507271641032,5.081713836277235,4.48,217814.4,5.93e7,6.0,2,372.294302,62.685543,0.216607,2.13,27.84037558685446,272.3,17.6433333333333
NLA12_UT-343,1.005,0.085,336.9601498734045,32.69311101314031,0.3148,86.4,4.31e6,6.0,1,3.18651581497,58.40633,1.299802,0.71,6.070422535211268,49836.3,12.2066666666667
NLA12_UT-359,3.25,0.542,86.06371040984834,-11.574218473158197,173.2,3283.2,1.34e6,10.0,4,75.8191631287,6.987735,3.679692,0.36,3.7222222222222223,406.8,15.5775
NLA12_UT-400,1.136,1.208,300.5462516567742,23.335944281017444,10.24,9158.4,840000.0,10.0,3,64.3663017059,50.227226,0.0,0.1,8.4,92.0,15.0333333333333
NLA12_VA-102,1.084,0.07,1410.4839003866,48.999683060471526,64.0,13737.6,700000.0,8.0,4,11.2319084289,72.660257,1.025641,0.23,3.043478260869565,51.0,30.8333333333333
NLA12_VA-104,0.179,0.019,1959.1853075028123,440.50608754217313,7.376,33609.6,2.12e6,8.0,3,19.5719106995,72.399835,0.0,0.29,7.310344827586207,63.1,26.7
NLA12_VA-108,0.271,0.061,1697.0392030051053,419.3934639152169,11.456,44323.200000000004,1.18e6,8.0,3,36.9914305572,67.784239,1.060801,0.25,4.72,26.5,25.5
NLA12_VA-110,0.379,0.019,5082.004163102882,730.0825506037535,6.848,31881.6,870000.0,8.0,2,27.6917816986,49.988629,5.578479,0.25,3.48,27.2,32.15
NLA12_VA-125,0.49,0.027,1144.6074130997017,45.65666727341482,5.808,55468.8,1.12e6,8.0,2,53.4748155853,56.813898,0.37537,0.16,7.0,20.1,22.0
NLA12_VA-127,0.815,0.081,1413.903254466151,48.999683060430954,35.4,88646.40000000001,820000.0,8.0,4,64.6978566467,66.690312,2.642743,0.26,3.1538461538461537,9.2,28.475
NLA12_VT-101,0.261,0.018,127.26452873141656,-147.0678123762024,0.952,35251.2,4.79e6,5.0,1,16.7166630615,84.354473,1.970496,0.84,5.7023809523809526,135.9,24.5366666666667
NLA12_VT-102,0.25,0.014,914.3778646989823,-298.57243126097455,3.76,43113.6,5.51e6,5.0,2,21.9687562958,66.602474,0.885028,0.93,5.924731182795699,127.9,22.22
NLA12_VT-104,0.296,0.009,719.2151539403255,-715.979767846619,3.168,1814.4,2.15e6,5.0,2,1.7604,75.613497,0.0,0.31,6.935483870967742,1185.4,26.11
NLA12_VT-114,0.136,0.01,191.146139833868,-147.06781237615618,1.851428571,20476.8,1.7e7,5.0,1,11.8019754135,80.457667,1.80778,1.76,9.659090909090908,830.3,21.6333333333333
NLA12_WA-103,0.286,0.009,1948.0527762405618,283.95459022214357,1.770666667,178329.6,2.981e7,7.0,1,52.7904,41.888298,3.916053,4.1,7.270731707317074,167.2,21.6
NLA12_WA-106,0.968,0.053,827.7538663331712,237.17361956072543,36.64,59788.799999999996,4.97e6,6.0,4,6.9432751502,38.175457,2.35843,0.8,6.2125,83.1,20.1
NLA12_WA-107,1.074,0.074,2837.82941458357,490.80211136076707,42.88,602380.8,9.57e6,7.0,4,156.863506572,32.267133,5.319143,1.03,9.291262135922329,15.9,21.85
NLA12_WA-108,0.259,0.038,195.90514332109208,-14.245596641958336,3.701333333,46051.200000000004,8.48e6,6.0,2,79.9751443256,70.536338,3.587585,1.16,7.310344827586207,184.1,24.645
NLA12_WA-111,0.64,0.016,379.89788512706536,40.81093222145489,1.568,29203.2,5.11e6,10.0,1,37.8617075924,2.899721,0.10458,0.73,7.0,175.1,21.95
NLA12_WA-112,0.523,0.093,193.2585453044831,-10.919647619771409,45.33333333,21772.8,1.95e6,6.0,4,2.30826523934,76.316816,3.901678,0.21,9.285714285714285,89.6,24.425
NLA12_WA-116,0.724,0.022,6178.471660198842,576.1945198874863,4.432,1209.6000000000001,3.04e6,10.0,2,8.30948416672,0.0,0.433135,0.42,7.238095238095239,2514.2,19.74
NLA12_WA-120,0.239,0.05,-252.4238245701581,-58.79324970107226,1.4868,2160.0,830000.0,6.0,1,12.6893971424,80.395772,4.496772,0.2,4.15,385.7,18.8
NLA12_WA-121,0.348,0.009,1851.00882726164,276.9518529193396,4.986666667,4924.8,580000.0,7.0,2,1.9692,0.457039,0.0,0.15,3.866666666666667,118.3,18.81
NLA12_WA-124,0.746,0.025,55.95036926542656,-10.047347970914913,41.84,4060.8,1.94e6,10.0,4,9.3429,17.021482,0.770639,0.33,5.878787878787879,478.5,18.85
NLA12_WA-126,0.171,0.04,220.86542809012985,-14.245596641979446,6.331428571,14947.199999999999,580000.0,6.0,2,12.7419257881,86.6954,0.346216,0.12,4.833333333333334,38.5,21.195
NLA12_WA-131,1.159,0.095,102.98389092594147,-0.14296878041870542,2.176,518.4,620000.0,10.0,2,2.0331,23.240372,2.390438,0.1,6.2,1187.4,23.75
NLA12_WA-133,0.749,0.062,595.2891981153712,23.451489689226197,9.92,10972.8,940000.0,7.0,3,7.75291036806,76.433713,5.212445,0.22,4.2727272727272725,85.4,20.8333333333333
NLA12_WA-138,0.279,0.012,3211.813380150877,486.95308368256576,3.136,4147.2,630000.0,7.0,2,0.5544,2.597403,0.0,0.18,3.5,152.1,22.755
NLA12_WA-141,0.31,0.023,1743.7785126868616,283.95459022092314,2.453333333,5702.400000000001,2.68e6,7.0,2,2.1987,56.651658,8.514122,0.44,6.090909090909091,470.7,22.935
NLA12_WA-151,0.014,0.015,1427.7570696924743,18.58351870116246,0.652,2.1676032e6,3.521e8,6.0,1,557.186097543,56.469568,0.480687,17.56,20.05125284738041,162.4,17.7
NLA12_WA-157,0.099,0.025,382.8633193060208,41.17325973618954,1.744,35683.2,1.08e6,7.0,1,11.2770692293,75.45063,5.256021,0.22,4.909090909090909,30.3,18.015
NLA12_WI-102,0.8,0.01,4042.568368516667,233.3919259564775,1.27,43027.2,1.515e7,8.0,1,222.159003539,16.740261,17.344276,2.97,5.101010101010101,352.2,24.0
NLA12_WI-103,0.8,0.077,2424.882020854717,124.49435773259445,5.22,24278.4,860000.0,8.0,2,40.0950913238,18.786478,2.73413,0.23,3.7391304347826084,35.5,26.55
NLA12_WI-104,0.27,0.013,479.0777127391796,21.49593637546338,3.02,113356.8,3.194e7,5.0,2,71.9625602554,45.716358,25.543036,4.29,7.445221445221446,281.7,26.25
NLA12_WI-106,0.68,0.024,500.6752395571349,-41.666510762246624,7.43,20736.0,1.08e6,5.0,3,24.9149765808,35.280095,55.455629,0.34,3.176470588235294,52.0,23.85
NLA12_WI-107,0.82,0.027,4190.171547323644,188.405016126983,20.4,145670.4,6.76e6,8.0,3,172.12081138,16.462844,12.079305,1.55,4.361290322580645,46.4,26.7
NLA12_WI-111,0.89,0.013,1559.631935507974,-120.98318936038882,3.15,6048.000000000001,3.55e6,8.0,2,4.8699,31.288117,20.643135,0.77,4.61038961038961,586.7,23.75
NLA12_WI-113,1.67,0.012,3072.3383714819647,131.79431307431358,2.48,1728.0,330000.0,8.0,2,1.3023,11.748446,9.882516,0.1,3.3,190.1,29.05
NLA12_WI-131,0.019,0.024,473.3228718735584,21.495936375460055,20.3,59184.00000000001,4.49e6,5.0,3,32.127243187,63.674568,20.345156,1.1,4.081818181818182,75.9,25.7
NLA12_WI-132,1.52,0.109,1819.2713981426145,-101.79256985311147,71.3,78796.8,1.01e6,8.0,4,79.0158721207,7.724729,14.301175,0.31,3.258064516129032,12.8,24.6
NLA12_WI-135,0.78,0.02,407.4697297122835,-36.716127238138725,7.15,13132.8,1.34e6,5.0,3,4.7421,69.02638,4.384134,0.34,3.941176470588235,101.7,23.5
NLA12_WI-136,0.74,0.021,4088.428639548569,286.0258256523658,6.22,1036.8,430000.0,8.0,2,144.213397751,16.28486,10.851373,0.19,2.263157894736842,414.4,28.6333333333333
NLA12_WI-138,0.53,0.017,1376.2187344934252,-104.55155532188206,10.7,11577.6,1.17e6,5.0,3,1.539,51.578948,6.608187,0.41,2.8536585365853657,100.8,23.85
NLA12_WI-140,1.15,0.075,5341.894371300719,118.45465926858495,13.3,701740.8,2.16e6,8.0,3,854.967158047,5.444974,4.289367,0.81,2.6666666666666665,3.1,24.6
NLA12_WI-152,0.5,0.024,4776.152989426293,388.41508067646265,5.15,84585.59999999999,2.59e7,8.0,2,105.2724439,5.866562,1.357636,7.76,3.3376288659793816,306.2,26.5
NLA12_WI-155,0.29,0.02,2427.426850774134,124.49435773231264,18.0,1814.4,1.64e6,8.0,3,40.2376411285,20.983761,2.834071,0.38,4.315789473684211,903.2,26.0
NLA12_WI-157,0.73,0.035,2764.707967896283,-41.826560059145436,25.5,7344.000000000001,920000.0,8.0,3,18.0220585831,25.74925,0.144855,0.12,7.666666666666667,125.1,17.35
NLA12_WI-163,1.57,0.059,504.74615296704474,-12.491462616444934,14.8,4320.0,1.97e6,5.0,3,6.85188970642,54.44386,24.875099,0.51,3.8627450980392153,457.1,23.3666666666667
NLA12_WI-168,0.52,0.017,5542.359531950846,318.6771474431393,3.2,22204.8,1.226e7,8.0,2,30.2484336822,15.286662,5.388117,2.79,4.39426523297491,552.0,27.95
NLA12_WI-170,0.6,0.021,543.1416115331422,27.58954056531789,11.9,50371.2,730000.0,5.0,3,2.8494,38.186987,36.828806,0.3,2.4333333333333336,14.4,19.8
NLA12_WI-171,0.47,0.012,927.0947569815053,28.236037168924234,5.37,345.6,330000.0,8.0,2,0.9072,35.912699,2.480159,0.11,3.0,955.2,23.9333333333333
NLA12_WI-172,3.84,0.132,4235.643624028865,216.74117232118243,85.3,153878.4,750000.0,8.0,4,190.742509438,15.562403,13.345067,0.29,2.5862068965517246,4.8,26.2
NLA12_WI-173,0.9,0.086,3148.2855213024204,118.0312626776527,77.8,59011.200000000004,1.87e7,8.0,4,74.694606221,45.223835,0.536242,1.91,9.790575916230367,316.9,19.7
NLA12_WI-176,0.41,0.01,818.6229380153935,-71.77179803089264,2.81,10800.0,1.0e6,5.0,2,17.3860740417,53.860484,19.830262,0.3,3.3333333333333335,92.2,21.7
NLA12_WI-179,0.34,0.009,525.1278490481964,27.589540565350845,6.78,17712.0,1.046e7,5.0,2,14.3563735794,64.197067,6.995111,1.93,5.419689119170984,590.8,21.4
NLA12_WI-181,1.1,0.024,4223.588933738869,-105.82819621581876,17.7,26179.2,740000.0,8.0,3,48.9877588394,4.167892,7.450014,0.24,3.0833333333333335,28.1,25.95
NLA12_WI-188,2.66,0.217,6308.414660088246,135.91926732949463,89.7,13996.800000000001,300000.0,8.0,4,0.9504,2.272727,1.515152,0.12,2.5,21.7,19.2666666666667
NLA12_WV-101,0.173,0.006,1031.1271546010707,81.03793888501274,2.284,8640.0,3.5e6,8.0,2,4.85704838562,53.05782,0.296516,0.61,5.737704918032787,405.0,23.802
NLA12_WV-102,0.128,0.016,719.3740726061319,34.62061052525913,2.232,833414.4,8.13e7,8.0,2,422.464006247,90.127439,0.008308,2.74,29.671532846715326,97.6,25.45
NLA12_WV-106,0.153,0.014,755.2629535598552,59.26138879195908,0.892,510278.39999999997,1.789e8,8.0,1,261.958876337,81.000086,0.027141,5.45,32.825688073394495,350.6,25.18
NLA12_WV-115,0.306,0.014,1737.731020055127,624.6585648125716,1.66,19180.8,1.39e6,8.0,1,26.2994423126,93.333105,0.0,0.23,6.043478260869565,72.6,26.42
NLA12_WY-101,0.106,0.022,1820.9897856208652,105.24775260352263,0.519,172.8,600000.0,10.0,1,1.55579467621,0.0,4.861111,0.14,4.285714285714286,3476.1,14.2925
NLA12_WY-103,0.05,0.012,242.3767476201985,6.892769416347077,0.54,147657.6,3.81e7,10.0,1,258.565331023,20.905933,0.101982,19.61,1.9428862825089241,258.0,
NLA12_WY-104,0.146,0.015,-171.5825181538463,-34.79385731590806,1.02,10195.199999999999,2.899e8,9.0,1,148.690301962,21.312447,1.648125,12.68,22.862776025236595,28435.0,
NLA12_WY-107,1.559,1.528,1783.9288676792316,118.21954639808037,3.44,110851.2,1.45e6,9.0,2,891.55092019,9.010024,2.238854,0.49,2.9591836734693877,13.1,
NLA12_WY-115,0.468,0.051,676.8016131161626,12.079003192980402,2.168,53481.6,2.44e7,10.0,2,174.690109616,25.559111,6.458426,1.77,13.785310734463277,456.2,
NLA12_WY-116,0.306,0.031,231.52577458999542,6.71635634394454,0.0,7171.200000000001,550000.0,6.0,1,7.74045770416,60.207049,0.488543,0.11,5.0,77.4,
NLA12_WY-120,0.088,0.018,253.2482517273361,7.140550830027829,2.356,154742.4,3.222e7,6.0,2,288.100051742,21.569424,0.212439,1.73,18.6242774566474,208.2,
NLA12_WY-124,0.063,0.042,337.780994970255,7.497618338825905,0.524,2.0405952e6,1.0768e9,6.0,1,2087.68471294,44.976449,2.817403,106.11,10.147959664499105,527.7,
NLA12_WY-130,1.805,0.044,43.625272005964575,-6.607763353417399,5.408,86.4,890000.0,10.0,2,0.6687,0.0,0.269179,0.2,4.45,10291.4,
NLA12_WY-131,0.196,0.036,621.2780982841914,39.81016060395841,2.36,131932.8,4.65e6,10.0,2,711.054030824,38.339405,5.374189,0.78,5.961538461538461,35.3,
NLA12_WY-137,0.318,0.033,1824.3103312055684,105.24775260358092,0.829333333,16588.8,620000.0,10.0,1,3.71146100235,0.0,5.957859,0.17,3.6470588235294117,37.4,15.7333333333333
NLA12_WY-151,0.199,0.03,120.34854764558992,-23.74421901504948,2.96,10540.8,5.21e7,6.0,2,54.1625897736,80.34394,2.832932,2.67,19.51310861423221,4942.7,13.6633333333333
